Time,HR (bpm),Speed (km/h),Pace (min/km),Cadence,Altitude (m),Stride length (m),Distances (m),Temperatures (C),Power (W),
,00:00:00,75,34.2,01:45,,1380,,4.70,29.0,,
,00:00:01,75,34.2,01:45,,1380,,4.70,29.0,,
,00:00:02,74,33.6,01:47,,1380,,4.80,29.1,,
,00:00:03,75,32.4,01:51,,1380,,5.00,29.2,,
,00:00:04,76,30.7,01:57,,1380,,9.00,29.0,,
,00:00:05,76,28.9,02:05,,1380,,13.70,29.1,,
,00:00:06,76,27.4,02:11,,1380,,18.80,29.1,,
,00:00:07,76,26.7,02:15,,1380,,24.60,29.1,,
,00:00:08,76,26.4,02:16,,1380,,33.00,29.2,,
,00:00:09,76,26.7,02:15,,1376,,42.40,29.1,,
,00:00:10,76,27.2,02:12,,1376,,52.20,29.0,,
,00:00:11,75,27.5,02:11,,1376,,62.70,29.1,,
,00:00:12,75,27.5,02:11,,1376,,73.50,29.1,,
,00:00:13,75,27.0,02:14,,1376,,81.40,29.1,,
,00:00:14,74,26.0,02:19,,1376,,89.20,29.1,,
,00:00:15,74,24.5,02:27,,1376,,96.30,29.2,,
,00:00:16,74,21.5,02:48,,1376,,102.30,29.2,,
,00:00:17,74,19.9,03:01,,1376,,106.10,29.1,,
,00:00:18,74,20.2,02:58,,1376,,109.50,29.2,,
,00:00:19,74,21.6,02:47,,1376,,113.30,29.2,,
,00:00:20,74,22.8,02:38,,1376,,118.20,29.2,,
,00:00:21,74,24.7,02:26,,1376,,123.70,29.2,,
,00:00:22,74,26.8,02:14,,1376,,130.00,29.2,,
,00:00:23,74,28.9,02:05,,1376,,137.50,29.2,,
,00:00:24,74,30.7,01:57,,1376,,147.50,29.1,,
,00:00:25,74,32.3,01:51,,1376,,159.60,29.2,,
,00:00:26,74,33.5,01:47,,1376,,170.50,29.2,,
,00:00:27,74,34.4,01:45,,1376,,183.10,29.2,,
,00:00:28,74,34.9,01:43,,1376,,195.10,29.2,,
,00:00:29,73,35.0,01:43,,1376,,206.70,29.2,,
,00:00:30,73,34.8,01:43,,1376,,217.90,29.2,,
,00:00:31,73,34.2,01:45,,1376,,227.80,29.2,,
,00:00:32,73,33.0,01:49,,1376,,236.90,29.1,,
,00:00:33,73,31.1,01:56,,1376,,244.30,29.2,,
,00:00:34,73,28.8,02:05,,1376,,251.50,29.2,,
,00:00:35,73,23.6,02:33,,1376,,257.80,29.2,,
,00:00:36,73,20.2,02:58,,1376,,261.00,29.1,,
,00:00:37,73,18.9,03:11,,1375,,263.90,29.2,,
,00:00:38,73,19.6,03:04,,1375,,266.40,29.2,,
,00:00:39,74,21.9,02:44,,1375,,270.70,29.2,,
,00:00:40,75,22.9,02:37,,1375,,276.40,29.2,,
,00:00:41,75,25.4,02:22,,1375,,283.00,29.2,,
,00:00:42,76,28.1,02:08,,1375,,291.90,29.2,,
,00:00:43,77,30.6,01:58,,1375,,301.40,29.2,,
,00:00:44,77,32.9,01:49,,1375,,312.80,29.2,,
,00:00:45,77,35.0,01:43,,1375,,325.80,29.2,,
,00:00:46,77,36.8,01:38,,1375,,339.60,29.2,,
,00:00:47,77,38.2,01:34,,1375,,353.60,29.3,,
,00:00:48,77,39.1,01:32,,1375,,366.00,29.2,,
,00:00:49,76,39.4,01:31,,1374,,378.40,29.2,,
,00:00:50,76,39.0,01:32,,1374,,390.60,29.2,,
,00:00:51,76,37.8,01:35,,1374,,402.40,29.1,,
,00:00:52,76,35.9,01:40,,1374,,411.90,29.2,,
,00:00:53,75,33.7,01:47,,1374,,420.30,29.2,,
,00:00:54,76,31.3,01:55,,1374,,427.20,29.2,,
,00:00:55,76,29.0,02:04,,1374,,432.50,29.2,,
,00:00:56,78,27.0,02:13,,1374,,438.10,29.2,,
,00:00:57,78,25.1,02:23,,1374,,442.80,29.2,,
,00:00:58,78,21.6,02:47,,1374,,446.30,29.2,,
,00:00:59,79,18.6,03:13,,1375,,448.60,29.0,,
,00:01:00,79,16.1,03:44,,1375,,449.90,29.2,,
,00:01:01,79,14.1,04:15,,1375,,451.20,29.1,,
,00:01:02,80,13.2,04:34,,1375,,452.50,29.2,,
,00:01:03,79,13.3,04:30,,1376,,453.60,29.2,,
,00:01:04,79,13.9,04:20,,1376,,456.60,29.1,,
,00:01:05,79,19.7,03:03,,1376,,459.90,29.2,,
,00:01:06,78,23.9,02:31,,1376,,464.90,29.3,,
,00:01:07,78,27.4,02:12,,1377,,470.40,29.2,,
,00:01:08,78,29.4,02:02,,1377,,477.60,29.2,,
,00:01:09,78,30.3,01:59,,1377,,487.50,29.2,,
,00:01:10,78,30.5,01:58,,1377,,498.10,29.1,,
,00:01:11,78,30.8,01:57,,1377,,508.50,29.2,,
,00:01:12,78,30.9,01:57,,1377,,519.50,29.0,,
,00:01:13,78,31.0,01:56,,1377,,530.40,29.1,,
,00:01:14,78,31.2,01:55,,1377,,539.50,29.2,,
,00:01:15,78,31.5,01:54,,1379,,549.80,29.2,,
,00:01:16,78,32.1,01:52,,1379,,558.50,29.2,,
,00:01:17,78,33.0,01:49,,1379,,568.70,29.1,,
,00:01:18,78,34.1,01:46,,1379,,578.00,29.2,,
,00:01:19,78,35.3,01:42,,1379,,588.40,29.2,,
,00:01:20,78,36.5,01:39,,1379,,598.50,29.1,,
,00:01:21,76,37.4,01:36,,1379,,610.40,29.2,,
,00:01:22,76,38.1,01:35,,1379,,622.20,29.2,,
,00:01:23,76,38.6,01:33,,1373,,634.50,29.1,,
,00:01:24,75,38.8,01:33,,1373,,646.40,29.2,,
,00:01:25,75,38.6,01:33,,1369,,658.80,29.1,,
,00:01:26,74,37.8,01:35,,1369,,669.00,29.2,,
,00:01:27,73,36.6,01:38,,1366,,679.00,29.2,,
,00:01:28,72,34.5,01:44,,1366,,687.40,29.2,,
,00:01:29,72,31.5,01:54,,1362,,694.80,29.1,,
,00:01:30,72,24.7,02:26,,1362,,699.80,29.2,,
,00:01:31,72,20.7,02:54,,1360,,702.40,29.2,,
,00:01:32,72,18.2,03:17,,1360,,705.00,29.0,,
,00:01:33,73,18.2,03:18,,1357,,707.40,29.1,,
,00:01:34,74,20.3,02:57,,1357,,710.60,29.2,,
,00:01:35,74,21.2,02:50,,1356,,714.20,29.0,,
,00:01:36,74,28.7,02:06,,1356,,719.20,29.1,,
,00:01:37,74,31.5,01:54,,1355,,727.20,29.2,,
,00:01:38,74,31.6,01:54,,1355,,735.10,29.0,,
,00:01:39,74,31.6,01:54,,1355,,744.40,29.1,,
,00:01:40,74,31.4,01:55,,1355,,755.80,29.2,,
,00:01:41,74,30.6,01:58,,1354,,765.20,29.2,,
,00:01:42,74,29.3,02:03,,1354,,774.50,29.1,,
,00:01:43,74,27.8,02:09,,1353,,782.50,29.2,,
,00:01:44,76,26.0,02:18,,1353,,789.80,29.1,,
,00:01:45,76,24.2,02:29,,1351,,795.50,29.2,,
,00:01:46,76,20.8,02:53,,1351,,799.70,29.1,,
,00:01:47,77,18.7,03:12,,1350,,803.00,29.1,,
,00:01:48,77,17.3,03:29,,1350,,806.10,29.2,,
,00:01:49,77,16.6,03:37,,1349,,807.80,29.1,,
,00:01:50,77,16.9,03:33,,1349,,811.50,29.1,,
,00:01:51,78,17.4,03:27,,1348,,815.00,29.1,,
,00:01:52,78,23.1,02:36,,1348,,819.80,29.2,,
,00:01:53,79,28.5,02:06,,1348,,826.80,29.1,,
,00:01:54,80,32.4,01:51,,1348,,834.80,29.2,,
,00:01:55,80,32.5,01:51,,1346,,844.50,29.0,,
,00:01:56,79,33.3,01:48,,1346,,853.90,29.0,,
,00:01:57,79,34.3,01:45,,1346,,864.90,29.1,,
,00:01:58,79,34.9,01:43,,1346,,876.50,29.0,,
,00:01:59,79,35.2,01:42,,1346,,889.80,29.1,,
,00:02:00,79,34.7,01:44,,1346,,901.50,29.1,,
,00:02:01,79,33.4,01:48,,1346,,913.00,29.1,,
,00:02:02,78,31.1,01:56,,1346,,921.30,29.1,,
,00:02:03,78,25.2,02:23,,1345,,928.80,29.0,,
,00:02:04,78,20.9,02:52,,1345,,932.90,29.1,,
,00:02:05,78,18.4,03:16,,1345,,936.00,29.1,,
,00:02:06,78,18.2,03:17,,1345,,939.10,29.2,,
,00:02:07,77,19.9,03:01,,1345,,942.60,29.0,,
,00:02:08,77,20.8,02:53,,1345,,946.00,29.0,,
,00:02:09,77,28.7,02:05,,1345,,952.80,29.1,,
,00:02:10,77,32.3,01:51,,1345,,959.00,29.0,,
,00:02:11,77,32.3,01:51,,1345,,969.60,29.1,,
,00:02:12,76,32.2,01:52,,1345,,978.80,29.0,,
,00:02:13,76,31.3,01:55,,1345,,989.20,29.0,,
,00:02:14,75,29.5,02:02,,1345,,998.60,29.1,,
,00:02:15,74,23.9,02:31,,1345,,1006.90,29.1,,
,00:02:16,74,18.2,03:17,,1345,,1012.40,29.0,,
,00:02:17,73,13.2,04:33,,1345,,1015.20,29.0,,
,00:02:18,72,8.9,06:43,,1345,,1015.20,29.1,,
,00:02:19,72,5.6,10:44,,1345,,1015.30,29.0,,
,00:02:20,72,0.0,00:00,,1345,,1015.30,29.2,,
,00:02:21,71,0.0,00:00,,1344,,1015.30,29.0,,
,00:02:22,71,0.0,00:00,,1344,,1015.30,29.1,,
,00:02:23,71,0.0,00:00,,1344,,1015.30,29.0,,
,00:02:24,72,0.8,73:10,,1344,,1015.30,28.9,,
,00:02:25,72,1.2,48:23,,1344,,1015.30,29.1,,
,00:02:26,73,1.3,47:15,,1344,,1015.30,29.1,,
,00:02:27,73,1.2,50:00,,1344,,1015.30,29.0,,
,00:02:28,74,0.0,00:00,,1344,,1015.30,29.1,,
,00:02:29,74,0.0,00:00,,1344,,1015.30,29.1,,
,00:02:30,75,0.0,00:00,,1344,,1015.30,29.0,,
,00:02:31,76,0.0,00:00,,1344,,1015.30,29.1,,
,00:02:32,76,0.0,00:00,,1344,,1015.30,29.1,,
,00:02:33,77,0.0,00:00,,1344,,1015.30,29.2,,
,00:02:34,77,0.0,00:00,,1344,,1015.30,29.2,,
,00:02:35,78,0.0,00:00,,1344,,1015.30,29.1,,
,00:02:36,77,0.0,00:00,,1344,,1015.30,29.0,,
,00:02:37,77,0.0,00:00,,1344,,1015.30,29.1,,
,00:02:38,77,0.0,00:00,,1344,,1015.30,29.0,,
,00:02:39,77,0.0,00:00,,1344,,1015.30,29.0,,
,00:02:40,77,0.0,00:00,,1344,,1015.30,29.1,,
,00:02:41,78,0.0,00:00,,1344,,1015.30,29.0,,
,00:02:42,79,0.0,00:00,,1344,,1015.30,29.0,,
,00:02:43,79,0.0,00:00,,1344,,1015.30,29.1,,
,00:02:44,79,0.0,00:00,,1344,,1015.30,29.0,,
,00:02:45,79,0.0,00:00,,1344,,1015.30,29.1,,
,00:02:46,79,0.0,00:00,,1344,,1015.30,29.1,,
,00:02:47,77,0.0,00:00,,1344,,1015.30,29.0,,
,00:02:48,77,0.0,00:00,,1344,,1015.30,29.2,,
,00:02:49,77,0.0,00:00,,1344,,1015.30,29.1,,
,00:02:50,76,0.0,00:00,,1344,,1015.30,29.1,,
,00:02:51,76,0.0,00:00,,1344,,1015.30,29.0,,
,00:02:52,76,0.0,00:00,,1344,,1015.30,29.1,,
,00:02:53,76,0.0,00:00,,1344,,1015.30,29.1,,
,00:02:54,76,0.0,00:00,,1344,,1015.30,29.2,,
,00:02:55,76,0.0,00:00,,1344,,1015.30,29.1,,
,00:02:56,76,0.0,00:00,,1344,,1015.30,29.2,,
,00:02:57,76,0.0,00:00,,1344,,1015.30,29.0,,
,00:02:58,77,0.0,00:00,,1344,,1015.30,29.1,,
,00:02:59,77,0.0,00:00,,1344,,1015.30,29.0,,
,00:03:00,77,0.0,00:00,,1344,,1015.30,29.2,,
,00:03:01,77,0.0,00:00,,1344,,1015.30,29.1,,
,00:03:02,77,0.0,00:00,,1344,,1015.30,29.1,,
,00:03:03,77,0.0,00:00,,1344,,1015.30,29.1,,
,00:03:04,77,0.0,00:00,,1344,,1015.30,29.0,,
,00:03:05,77,9.7,06:12,,1344,,1015.30,29.1,,
,00:03:06,77,15.4,03:54,,1344,,1015.40,29.0,,
,00:03:07,77,19.0,03:10,,1344,,1016.50,29.0,,
,00:03:08,76,20.7,02:54,,1344,,1017.10,29.1,,
,00:03:09,76,20.9,02:53,,1344,,1017.70,29.2,,
,00:03:10,77,20.5,02:56,,1344,,1023.90,29.1,,
,00:03:11,77,19.9,03:01,,1344,,1031.60,29.0,,
,00:03:12,77,19.6,03:04,,1344,,1040.30,29.2,,
,00:03:13,77,20.1,02:59,,1345,,1048.30,29.1,,
,00:03:14,76,21.6,02:47,,1345,,1056.70,29.1,,
,00:03:15,76,23.5,02:33,,1345,,1063.00,29.2,,
,00:03:16,76,26.3,02:17,,1345,,1070.10,29.2,,
,00:03:17,75,28.9,02:05,,1345,,1078.20,29.1,,
,00:03:18,75,30.6,01:57,,1345,,1086.50,29.1,,
,00:03:19,75,31.0,01:56,,1345,,1097.30,29.1,,
,00:03:20,76,31.0,01:56,,1345,,1106.60,29.1,,
,00:03:21,75,30.7,01:57,,1345,,1116.70,29.1,,
,00:03:22,75,29.9,02:01,,1345,,1127.30,29.2,,
,00:03:23,75,28.5,02:06,,1347,,1135.60,29.2,,
,00:03:24,74,26.4,02:17,,1347,,1143.50,29.0,,
,00:03:25,74,23.7,02:32,,1347,,1147.20,29.1,,
,00:03:26,74,20.5,02:55,,1347,,1147.90,29.0,,
,00:03:27,74,17.3,03:28,,1347,,1148.40,29.0,,
,00:03:28,74,14.2,04:13,,1347,,1148.40,29.2,,
,00:03:29,75,0.0,00:00,,1349,,1148.40,29.1,,
,00:03:30,75,0.0,00:00,,1349,,1148.40,29.2,,
,00:03:31,75,0.0,00:00,,1349,,1148.40,29.1,,
,00:03:32,76,0.0,00:00,,1349,,1148.40,29.2,,
,00:03:33,75,0.0,00:00,,1349,,1148.40,29.1,,
,00:03:34,75,0.0,00:00,,1349,,1148.40,29.1,,
,00:03:35,75,0.0,00:00,,1349,,1148.40,29.2,,
,00:03:36,75,0.4,153:51,,1349,,1148.40,29.0,,
,00:03:37,75,0.4,153:51,,1349,,1148.40,29.2,,
,00:03:38,75,0.0,00:00,,1349,,1148.40,29.1,,
,00:03:39,76,0.0,00:00,,1349,,1148.40,29.0,,
,00:03:40,76,0.0,00:00,,1349,,1148.40,29.2,,
,00:03:41,77,0.0,00:00,,1349,,1148.40,29.2,,
,00:03:42,77,0.0,00:00,,1349,,1148.40,29.0,,
,00:03:43,77,0.0,00:00,,1349,,1148.40,29.1,,
,00:03:44,77,1.0,57:42,,1349,,1148.40,29.2,,
,00:03:45,77,2.7,22:23,,1349,,1148.40,29.1,,
,00:03:46,76,5.0,11:54,,1349,,1148.40,29.1,,
,00:03:47,76,7.5,08:01,,1349,,1148.40,29.2,,
,00:03:48,76,9.1,06:36,,1349,,1148.40,29.2,,
,00:03:49,76,10.8,05:34,,1349,,1148.40,29.1,,
,00:03:50,76,12.3,04:53,,1349,,1148.40,29.2,,
,00:03:51,75,13.0,04:37,,1349,,1148.40,29.2,,
,00:03:52,75,12.7,04:43,,1349,,1148.40,29.1,,
,00:03:53,75,11.9,05:02,,1349,,1152.50,29.2,,
,00:03:54,75,11.1,05:24,,1349,,1157.00,29.1,,
,00:03:55,75,11.7,05:07,,1349,,1161.10,29.1,,
,00:03:56,74,13.6,04:25,,1349,,1166.10,29.2,,
,00:03:57,73,16.7,03:35,,1349,,1171.40,29.2,,
,00:03:58,72,20.3,02:57,,1349,,1178.00,29.1,,
,00:03:59,72,21.0,02:51,,1349,,1185.50,29.2,,
,00:04:00,73,22.4,02:41,,1349,,1193.40,29.1,,
,00:04:01,72,24.1,02:29,,1349,,1202.90,29.2,,
,00:04:02,72,26.2,02:18,,1349,,1214.70,29.1,,
,00:04:03,72,28.4,02:07,,1350,,1228.80,29.0,,
,00:04:04,71,30.7,01:57,,1350,,1241.90,29.1,,
,00:04:05,71,32.9,01:50,,1350,,1258.40,29.2,,
,00:04:06,72,34.9,01:43,,1350,,1274.00,29.2,,
,00:04:07,72,36.8,01:38,,1352,,1288.60,29.1,,
,00:04:08,73,38.4,01:34,,1352,,1304.30,29.2,,
,00:04:09,74,40.1,01:30,,1353,,1321.10,29.1,,
,00:04:10,74,42.5,01:25,,1353,,1336.40,29.0,,
,00:04:11,77,44.0,01:22,,1354,,1351.80,29.1,,
,00:04:12,78,45.1,01:20,,1354,,1365.00,29.2,,
,00:04:13,78,45.8,01:19,,1356,,1380.50,29.2,,
,00:04:14,79,46.5,01:18,,1356,,1393.00,29.2,,
,00:04:15,80,47.2,01:16,,1357,,1406.30,29.2,,
,00:04:16,80,48.3,01:15,,1357,,1419.70,29.1,,
,00:04:17,84,49.4,01:13,,1358,,1435.30,29.0,,
,00:04:18,84,50.6,01:11,,1358,,1448.90,29.1,,
,00:04:19,85,51.5,01:10,,1360,,1464.00,29.2,,
,00:04:20,85,52.4,01:09,,1360,,1477.60,29.1,,
,00:04:21,85,53.0,01:08,,1361,,1494.50,29.2,,
,00:04:22,86,53.6,01:07,,1361,,1510.60,29.1,,
,00:04:23,86,53.9,01:07,,1361,,1526.10,29.2,,
,00:04:24,88,54.2,01:06,,1361,,1541.40,29.1,,
,00:04:25,89,54.6,01:06,,1361,,1557.80,29.2,,
,00:04:26,90,54.9,01:06,,1361,,1571.00,29.1,,
,00:04:27,91,55.3,01:05,,1361,,1586.80,29.1,,
,00:04:28,91,55.9,01:04,,1361,,1602.30,29.0,,
,00:04:29,91,56.5,01:04,,1361,,1619.30,29.1,,
,00:04:30,92,56.9,01:03,,1361,,1634.80,29.1,,
,00:04:31,92,56.9,01:03,,1360,,1650.60,29.1,,
,00:04:32,91,56.7,01:04,,1360,,1666.20,29.1,,
,00:04:33,91,56.3,01:04,,1360,,1683.20,29.2,,
,00:04:34,91,55.8,01:05,,1360,,1699.20,29.3,,
,00:04:35,91,55.2,01:05,,1359,,1714.50,29.3,,
,00:04:36,91,54.7,01:06,,1359,,1729.30,29.2,,
,00:04:37,92,54.0,01:07,,1359,,1743.50,29.2,,
,00:04:38,92,53.3,01:08,,1359,,1757.40,29.1,,
,00:04:39,92,52.5,01:09,,1359,,1770.90,29.2,,
,00:04:40,93,51.6,01:10,,1359,,1783.90,29.1,,
,00:04:41,94,50.8,01:11,,1359,,1797.30,29.2,,
,00:04:42,94,50.1,01:12,,1359,,1810.10,29.2,,
,00:04:43,95,49.4,01:13,,1359,,1822.70,29.1,,
,00:04:44,96,48.6,01:14,,1359,,1835.60,29.1,,
,00:04:45,97,47.6,01:16,,1359,,1847.60,29.2,,
,00:04:46,98,46.2,01:18,,1359,,1859.40,29.2,,
,00:04:47,98,44.3,01:21,,1359,,1870.20,29.1,,
,00:04:48,99,41.7,01:26,,1359,,1880.30,29.1,,
,00:04:49,99,38.6,01:33,,1359,,1888.90,29.2,,
,00:04:50,99,34.8,01:43,,1359,,1895.80,29.1,,
,00:04:51,98,27.2,02:13,,1359,,1901.10,29.2,,
,00:04:52,98,22.2,02:42,,1359,,1903.10,29.2,,
,00:04:53,97,19.9,03:01,,1360,,1904.30,29.1,,
,00:04:54,93,19.5,03:05,,1360,,1905.20,29.2,,
,00:04:55,93,20.7,02:54,,1360,,1907.60,29.1,,
,00:04:56,91,21.3,02:49,,1360,,1910.40,29.2,,
,00:04:57,89,22.8,02:38,,1360,,1914.30,29.2,,
,00:04:58,87,24.2,02:29,,1360,,1919.30,29.2,,
,00:04:59,86,25.3,02:22,,1360,,1926.60,29.1,,
,00:05:00,85,25.9,02:19,,1360,,1934.80,29.1,,
,00:05:01,85,26.0,02:18,,1360,,1944.20,29.1,,
,00:05:02,84,25.5,02:21,,1360,,1953.00,29.1,,
,00:05:03,83,24.2,02:29,,1360,,1960.70,29.1,,
,00:05:04,83,20.5,02:55,,1360,,1966.80,29.1,,
,00:05:05,82,17.4,03:27,,1359,,1970.90,29.1,,
,00:05:06,81,14.8,04:03,,1359,,1973.80,29.1,,
,00:05:07,81,13.5,04:27,,1358,,1975.40,29.2,,
,00:05:08,80,13.9,04:20,,1358,,1976.90,29.1,,
,00:05:09,80,14.6,04:06,,1357,,1980.80,29.1,,
,00:05:10,80,22.5,02:40,,1357,,1984.70,29.1,,
,00:05:11,80,27.2,02:12,,1356,,1991.30,29.2,,
,00:05:12,80,30.9,01:57,,1356,,1998.50,29.1,,
,00:05:13,80,33.1,01:49,,1356,,2007.00,29.1,,
,00:05:14,79,32.6,01:50,,1356,,2017.30,29.1,,
,00:05:15,79,32.3,01:52,,1356,,2027.90,29.1,,
,00:05:16,79,31.6,01:54,,1356,,2038.60,29.2,,
,00:05:17,79,30.2,01:59,,1355,,2048.80,29.2,,
,00:05:18,79,28.3,02:07,,1355,,2057.30,29.1,,
,00:05:19,79,26.1,02:18,,1355,,2064.60,29.0,,
,00:05:20,78,21.5,02:47,,1355,,2070.50,29.1,,
,00:05:21,78,18.0,03:20,,1354,,2074.00,29.2,,
,00:05:22,77,15.0,04:00,,1354,,2076.80,29.2,,
,00:05:23,76,13.0,04:37,,1353,,2077.70,29.2,,
,00:05:24,76,12.1,04:57,,1353,,2078.10,29.2,,
,00:05:25,75,12.8,04:41,,1353,,2079.30,29.2,,
,00:05:26,75,13.7,04:24,,1353,,2081.50,29.2,,
,00:05:27,75,21.9,02:45,,1353,,2085.90,29.2,,
,00:05:28,75,26.1,02:18,,1353,,2092.70,29.2,,
,00:05:29,74,28.0,02:09,,1353,,2099.60,29.2,,
,00:05:30,74,28.5,02:06,,1353,,2108.10,29.1,,
,00:05:31,74,28.5,02:06,,1353,,2116.50,29.2,,
,00:05:32,74,28.4,02:07,,1353,,2125.80,29.2,,
,00:05:33,74,28.1,02:08,,1353,,2136.20,29.1,,
,00:05:34,74,27.4,02:11,,1353,,2145.50,29.2,,
,00:05:35,74,26.4,02:16,,1353,,2153.60,29.2,,
,00:05:36,74,23.1,02:36,,1353,,2160.30,29.0,,
,00:05:37,74,19.7,03:03,,1353,,2165.10,29.1,,
,00:05:38,75,16.2,03:43,,1353,,2168.50,29.1,,
,00:05:39,76,13.3,04:32,,1353,,2170.40,29.2,,
,00:05:40,77,11.7,05:08,,1353,,2171.30,29.2,,
,00:05:41,78,11.9,05:04,,1350,,2172.60,29.2,,
,00:05:42,79,12.7,04:44,,1350,,2174.60,29.0,,
,00:05:43,80,21.1,02:50,,1350,,2177.50,29.2,,
,00:05:44,81,26.8,02:14,,1350,,2184.10,29.2,,
,00:05:45,83,30.6,01:58,,1350,,2190.90,29.2,,
,00:05:46,83,32.7,01:50,,1350,,2199.50,29.2,,
,00:05:47,85,32.4,01:51,,1350,,2210.30,29.1,,
,00:05:48,85,32.0,01:53,,1350,,2220.10,29.1,,
,00:05:49,85,31.1,01:56,,1350,,2231.90,29.2,,
,00:05:50,85,29.7,02:01,,1350,,2241.30,29.2,,
,00:05:51,85,27.6,02:10,,1349,,2250.20,29.2,,
,00:05:52,85,22.7,02:39,,1349,,2257.60,29.2,,
,00:05:53,86,18.4,03:16,,1349,,2262.40,29.1,,
,00:05:54,87,14.3,04:12,,1349,,2265.30,29.1,,
,00:05:55,87,10.5,05:42,,1348,,2265.80,29.2,,
,00:05:56,86,7.4,08:05,,1348,,2265.80,29.2,,
,00:05:57,85,6.9,08:40,,1347,,2265.80,29.2,,
,00:05:58,85,5.5,10:57,,1347,,2265.80,29.1,,
,00:05:59,81,4.7,12:44,,1347,,2265.80,29.2,,
,00:06:00,80,4.6,13:01,,1347,,2265.80,29.0,,
,00:06:01,80,5.2,11:39,,1346,,2265.80,29.2,,
,00:06:02,78,12.4,04:50,,1346,,2265.80,29.1,,
,00:06:03,77,18.0,03:20,,1346,,2265.80,29.2,,
,00:06:04,77,21.8,02:45,,1346,,2267.20,29.2,,
,00:06:05,76,24.0,02:30,,1346,,2273.90,29.1,,
,00:06:06,75,25.2,02:23,,1346,,2281.70,29.2,,
,00:06:07,75,25.1,02:24,,1346,,2290.00,29.3,,
,00:06:08,75,24.6,02:26,,1346,,2298.40,29.1,,
,00:06:09,75,24.3,02:28,,1346,,2307.30,29.2,,
,00:06:10,75,23.7,02:32,,1346,,2316.00,29.2,,
,00:06:11,75,22.9,02:37,,1347,,2323.70,29.2,,
,00:06:12,75,22.0,02:44,,1347,,2330.90,29.2,,
,00:06:13,74,20.0,03:00,,1348,,2336.60,29.2,,
,00:06:14,74,17.9,03:21,,1348,,2341.10,29.2,,
,00:06:15,74,16.0,03:45,,1348,,2344.80,29.2,,
,00:06:16,74,14.0,04:17,,1348,,2347.00,29.2,,
,00:06:17,75,12.0,04:59,,1349,,2349.00,29.2,,
,00:06:18,75,11.0,05:28,,1349,,2350.60,29.2,,
,00:06:19,75,11.1,05:25,,1349,,2352.20,29.2,,
,00:06:20,75,14.0,04:17,,1349,,2354.20,29.2,,
,00:06:21,75,18.1,03:19,,1349,,2357.30,29.2,,
,00:06:22,75,23.2,02:35,,1349,,2360.40,29.2,,
,00:06:23,74,29.2,02:03,,1349,,2366.90,29.2,,
,00:06:24,74,34.4,01:45,,1349,,2375.30,29.2,,
,00:06:25,74,39.0,01:32,,1349,,2386.20,29.2,,
,00:06:26,73,42.4,01:25,,1349,,2398.20,29.1,,
,00:06:27,73,43.3,01:23,,1349,,2410.40,29.2,,
,00:06:28,72,44.5,01:21,,1349,,2425.30,29.2,,
,00:06:29,72,45.8,01:19,,1349,,2442.50,29.2,,
,00:06:30,71,46.7,01:17,,1349,,2459.00,29.2,,
,00:06:31,71,47.5,01:16,,1349,,2475.80,29.2,,
,00:06:32,71,47.7,01:15,,1349,,2490.70,29.2,,
,00:06:33,71,48.1,01:15,,1349,,2506.10,29.2,,
,00:06:34,71,48.6,01:14,,1349,,2523.40,29.2,,
,00:06:35,71,49.3,01:13,,1349,,2539.00,29.1,,
,00:06:36,71,50.0,01:12,,1349,,2555.20,29.2,,
,00:06:37,71,50.4,01:11,,1348,,2568.40,29.3,,
,00:06:38,71,50.8,01:11,,1348,,2581.80,29.2,,
,00:06:39,72,51.3,01:10,,1348,,2598.00,29.1,,
,00:06:40,72,51.9,01:09,,1348,,2611.90,29.2,,
,00:06:41,72,52.5,01:09,,1348,,2629.20,29.2,,
,00:06:42,72,53.0,01:08,,1348,,2644.80,29.2,,
,00:06:43,72,53.3,01:08,,1348,,2658.30,29.3,,
,00:06:44,72,53.4,01:07,,1348,,2672.10,29.2,,
,00:06:45,71,53.0,01:08,,1347,,2687.30,29.3,,
,00:06:46,71,52.2,01:09,,1347,,2704.60,29.3,,
,00:06:47,71,50.9,01:11,,1347,,2717.30,29.3,,
,00:06:48,71,49.3,01:13,,1347,,2728.50,29.2,,
,00:06:49,71,47.3,01:16,,1347,,2742.70,29.1,,
,00:06:50,71,45.6,01:19,,1347,,2750.20,29.2,,
,00:06:51,71,44.3,01:21,,1347,,2760.00,29.3,,
,00:06:52,71,43.3,01:23,,1347,,2769.80,29.3,,
,00:06:53,71,42.9,01:24,,1347,,2780.30,29.2,,
,00:06:54,71,42.9,01:24,,1347,,2788.20,29.2,,
,00:06:55,71,42.9,01:24,,1347,,2797.70,29.2,,
,00:06:56,72,43.1,01:24,,1347,,2807.30,29.2,,
,00:06:57,72,43.2,01:23,,1347,,2818.00,29.2,,
,00:06:58,73,43.2,01:23,,1347,,2829.40,29.2,,
,00:06:59,73,43.5,01:23,,1347,,2842.70,29.3,,
,00:07:00,75,44.0,01:22,,1347,,2856.30,29.1,,
,00:07:01,75,44.2,01:21,,1347,,2868.50,29.2,,
,00:07:02,76,44.3,01:21,,1347,,2881.40,29.2,,
,00:07:03,76,44.4,01:21,,1347,,2895.10,29.3,,
,00:07:04,76,44.4,01:21,,1347,,2905.10,29.4,,
,00:07:05,76,44.4,01:21,,1347,,2916.90,29.2,,
,00:07:06,77,44.5,01:21,,1347,,2929.20,29.3,,
,00:07:07,77,45.1,01:20,,1347,,2940.60,29.2,,
,00:07:08,77,45.7,01:19,,1347,,2952.30,29.3,,
,00:07:09,77,46.0,01:18,,1347,,2964.20,29.3,,
,00:07:10,77,46.0,01:18,,1347,,2976.10,29.3,,
,00:07:11,77,45.5,01:19,,1347,,2987.80,29.2,,
,00:07:12,76,44.6,01:21,,1347,,2998.20,29.3,,
,00:07:13,76,43.5,01:23,,1347,,3009.90,29.2,,
,00:07:14,76,42.5,01:25,,1347,,3022.00,29.3,,
,00:07:15,75,41.8,01:26,,1347,,3032.10,29.3,,
,00:07:16,75,41.8,01:26,,1347,,3042.10,29.2,,
,00:07:17,75,42.4,01:25,,1346,,3051.10,29.2,,
,00:07:18,75,43.8,01:22,,1346,,3061.90,29.4,,
,00:07:19,75,45.6,01:19,,1346,,3074.60,29.4,,
,00:07:20,75,47.6,01:16,,1346,,3086.70,29.2,,
,00:07:21,75,49.5,01:13,,1346,,3104.50,29.3,,
,00:07:22,75,51.2,01:10,,1346,,3121.00,29.2,,
,00:07:23,75,52.5,01:09,,1347,,3137.70,29.3,,
,00:07:24,75,53.4,01:07,,1347,,3154.70,29.2,,
,00:07:25,75,53.9,01:07,,1348,,3170.70,29.2,,
,00:07:26,75,53.8,01:07,,1348,,3190.10,29.3,,
,00:07:27,75,53.4,01:07,,1348,,3205.90,29.3,,
,00:07:28,75,52.7,01:08,,1348,,3218.00,29.3,,
,00:07:29,75,52.3,01:09,,1348,,3233.40,29.4,,
,00:07:30,75,52.5,01:09,,1348,,3245.10,29.3,,
,00:07:31,75,53.5,01:07,,1351,,3259.60,29.3,,
,00:07:32,74,55.1,01:05,,1351,,3275.10,29.3,,
,00:07:33,74,57.1,01:03,,1352,,3291.40,29.3,,
,00:07:34,74,59.2,01:01,,1352,,3310.10,29.3,,
,00:07:35,75,61.1,00:59,,1353,,3326.60,29.2,,
,00:07:36,76,62.8,00:57,,1353,,3345.60,29.3,,
,00:07:37,76,64.4,00:56,,1354,,3367.80,29.3,,
,00:07:38,77,66.1,00:54,,1354,,3391.00,29.3,,
,00:07:39,77,67.9,00:53,,1355,,3413.00,29.3,,
,00:07:40,77,70.0,00:51,,1355,,3435.60,29.4,,
,00:07:41,78,71.9,00:50,,1356,,3458.30,29.4,,
,00:07:42,79,73.7,00:49,,1356,,3482.00,29.3,,
,00:07:43,80,75.0,00:48,,1356,,3504.70,29.3,,
,00:07:44,81,75.9,00:47,,1356,,3528.10,29.4,,
,00:07:45,82,76.5,00:47,,1356,,3550.90,29.3,,
,00:07:46,82,76.9,00:47,,1356,,3573.70,29.2,,
,00:07:47,83,77.3,00:47,,1361,,3595.10,29.4,,
,00:07:48,84,77.7,00:46,,1361,,3617.40,29.3,,
,00:07:49,85,77.9,00:46,,1362,,3639.80,29.2,,
,00:07:50,85,77.8,00:46,,1362,,3658.90,29.2,,
,00:07:51,86,77.6,00:46,,1364,,3679.10,29.3,,
,00:07:52,86,77.4,00:47,,1364,,3701.90,29.3,,
,00:07:53,86,77.2,00:47,,1365,,3724.10,29.3,,
,00:07:54,85,77.1,00:47,,1365,,3744.90,29.2,,
,00:07:55,84,77.3,00:47,,1367,,3763.60,29.4,,
,00:07:56,83,77.6,00:46,,1367,,3787.40,29.4,,
,00:07:57,82,78.0,00:46,,1368,,3809.30,29.3,,
,00:07:58,82,78.7,00:46,,1368,,3830.80,29.3,,
,00:07:59,81,79.8,00:45,,1370,,3852.50,29.2,,
,00:08:00,81,80.9,00:44,,1370,,3876.88,29.3,,
,00:08:01,81,81.9,00:44,,1372,,3898.20,29.3,,
,00:08:02,80,82.9,00:43,,1372,,3922.57,29.3,,
,00:08:03,80,83.5,00:43,,1373,,3946.60,29.3,,
,00:08:04,80,83.5,00:43,,1373,,3970.98,29.3,,
,00:08:05,80,83.6,00:43,,1375,,3995.35,29.3,,
,00:08:06,80,83.9,00:43,,1375,,4019.73,29.3,,
,00:08:07,80,84.2,00:43,,1376,,4044.10,29.2,,
,00:08:08,79,84.4,00:43,,1376,,4068.48,29.3,,
,00:08:09,79,84.7,00:42,,1377,,4092.85,29.3,,
,00:08:10,79,84.9,00:42,,1377,,4117.23,29.3,,
,00:08:11,79,84.9,00:42,,1378,,4140.90,29.2,,
,00:08:12,78,84.9,00:42,,1378,,4165.27,29.3,,
,00:08:13,78,85.2,00:42,,1379,,4188.00,29.3,,
,00:08:14,78,85.4,00:42,,1379,,4212.00,29.3,,
,00:08:15,77,85.8,00:42,,1381,,4236.38,29.2,,
,00:08:16,77,86.3,00:42,,1381,,4260.75,29.4,,
,00:08:17,77,86.8,00:41,,1383,,4284.20,29.3,,
,00:08:18,77,87.2,00:41,,1383,,4306.40,29.3,,
,00:08:19,77,87.5,00:41,,1385,,4330.77,29.2,,
,00:08:20,76,87.7,00:41,,1385,,4355.15,29.4,,
,00:08:21,76,87.8,00:41,,1387,,4379.52,29.2,,
,00:08:22,76,87.6,00:41,,1387,,4403.90,29.3,,
,00:08:23,76,87.3,00:41,,1389,,4428.27,29.4,,
,00:08:24,76,86.9,00:41,,1389,,4452.65,29.4,,
,00:08:25,76,86.4,00:42,,1390,,4477.02,29.4,,
,00:08:26,75,85.3,00:42,,1390,,4501.40,29.4,,
,00:08:27,75,84.2,00:43,,1392,,4525.70,29.4,,
,00:08:28,75,82.8,00:43,,1392,,4544.10,29.3,,
,00:08:29,75,81.5,00:44,,1392,,4567.40,29.3,,
,00:08:30,75,80.3,00:45,,1392,,4588.00,29.3,,
,00:08:31,76,79.4,00:45,,1393,,4608.90,29.2,,
,00:08:32,76,79.0,00:46,,1393,,4626.80,29.2,,
,00:08:33,76,78.7,00:46,,1393,,4649.40,29.4,,
,00:08:34,76,78.5,00:46,,1393,,4670.20,29.4,,
,00:08:35,77,78.4,00:46,,1393,,4687.80,29.3,,
,00:08:36,77,78.2,00:46,,1393,,4711.30,29.4,,
,00:08:37,77,77.8,00:46,,1399,,4732.80,29.4,,
,00:08:38,77,77.2,00:47,,1399,,4750.30,29.4,,
,00:08:39,78,76.4,00:47,,1402,,4771.30,29.3,,
,00:08:40,78,75.4,00:48,,1402,,4791.00,29.3,,
,00:08:41,80,74.3,00:48,,1405,,4812.20,29.4,,
,00:08:42,80,73.3,00:49,,1405,,4829.90,29.4,,
,00:08:43,81,72.2,00:50,,1408,,4847.90,29.4,,
,00:08:44,82,71.0,00:51,,1408,,4868.10,29.4,,
,00:08:45,83,69.5,00:52,,1408,,4886.90,29.4,,
,00:08:46,84,68.1,00:53,,1408,,4905.60,29.4,,
,00:08:47,85,66.4,00:54,,1415,,4922.70,29.4,,
,00:08:48,85,64.6,00:56,,1415,,4939.20,29.4,,
,00:08:49,85,62.8,00:57,,1419,,4953.40,29.4,,
,00:08:50,86,61.1,00:59,,1419,,4970.10,29.4,,
,00:08:51,87,59.3,01:01,,1422,,4984.40,29.4,,
,00:08:52,87,57.6,01:02,,1422,,4999.00,29.4,,
,00:08:53,88,56.2,01:04,,1425,,5011.80,29.4,,
,00:08:54,89,55.1,01:05,,1425,,5023.30,29.3,,
,00:08:55,89,54.3,01:06,,1427,,5036.40,29.3,,
,00:08:56,91,53.8,01:07,,1427,,5048.10,29.4,,
,00:08:57,92,53.4,01:07,,1429,,5061.10,29.4,,
,00:08:58,93,53.1,01:08,,1429,,5076.00,29.4,,
,00:08:59,93,52.8,01:08,,1430,,5089.10,29.5,,
,00:09:00,94,52.5,01:09,,1430,,5101.30,29.4,,
,00:09:01,95,52.3,01:09,,1432,,5115.00,29.4,,
,00:09:02,95,52.3,01:09,,1432,,5129.10,29.4,,
,00:09:03,93,52.5,01:09,,1433,,5144.60,29.4,,
,00:09:04,93,53.0,01:08,,1433,,5157.40,29.4,,
,00:09:05,93,53.8,01:07,,1435,,5175.10,29.4,,
,00:09:06,91,54.7,01:06,,1435,,5189.00,29.4,,
,00:09:07,89,55.7,01:05,,1437,,5204.40,29.4,,
,00:09:08,88,56.5,01:04,,1437,,5219.50,29.4,,
,00:09:09,87,57.1,01:03,,1439,,5237.40,29.4,,
,00:09:10,87,57.4,01:03,,1439,,5254.20,29.4,,
,00:09:11,85,57.7,01:02,,1441,,5271.00,29.4,,
,00:09:12,84,58.0,01:02,,1441,,5289.50,29.4,,
,00:09:13,84,58.5,01:02,,1443,,5306.90,29.3,,
,00:09:14,84,59.0,01:01,,1443,,5320.60,29.4,,
,00:09:15,84,59.3,01:01,,1445,,5341.80,29.4,,
,00:09:16,84,59.4,01:01,,1445,,5358.80,29.4,,
,00:09:17,84,59.2,01:01,,1447,,5374.20,29.3,,
,00:09:18,84,58.5,01:02,,1447,,5389.00,29.4,,
,00:09:19,84,57.8,01:02,,1448,,5404.70,29.4,,
,00:09:20,85,59.3,01:01,,1448,,5421.50,29.4,,
,00:09:21,86,58.5,01:02,,1450,,5422.60,29.4,,
,00:09:22,86,58.5,01:02,,1450,,5436.30,29.4,,
,00:09:23,86,58.5,01:02,,1452,,5454.70,29.4,,
,00:09:24,86,58.8,01:01,,1452,,5470.00,29.4,,
,00:09:25,86,58.6,01:01,,1453,,5481.70,29.4,,
,00:09:26,86,58.6,01:01,,1453,,5493.30,29.3,,
,00:09:27,85,58.7,01:01,,1455,,5508.90,29.4,,
,00:09:28,85,58.6,01:01,,1455,,5522.10,29.4,,
,00:09:29,84,58.6,01:01,,1456,,5536.20,29.4,,
,00:09:30,83,58.6,01:01,,1456,,5547.50,29.4,,
,00:09:31,83,58.6,01:01,,1457,,5560.60,29.3,,
,00:09:32,83,53.8,01:07,,1457,,5569.60,29.3,,
,00:09:33,82,51.5,01:10,,1458,,5582.30,29.5,,
,00:09:34,81,50.8,01:11,,1458,,5598.00,29.5,,
,00:09:35,80,51.2,01:10,,1459,,5615.00,29.5,,
,00:09:36,80,52.0,01:09,,1459,,5629.00,29.4,,
,00:09:37,77,53.0,01:08,,1460,,5644.00,29.5,,
,00:09:38,76,53.9,01:07,,1460,,5658.60,29.5,,
,00:09:39,76,54.6,01:06,,1461,,5677.10,29.5,,
,00:09:40,75,55.4,01:05,,1461,,5694.30,29.5,,
,00:09:41,75,56.2,01:04,,1461,,5712.20,29.6,,
,00:09:42,75,57.1,01:03,,1461,,5732.00,29.6,,
,00:09:43,74,58.0,01:02,,1461,,5748.50,29.5,,
,00:09:44,74,58.6,01:01,,1461,,5765.80,29.5,,
,00:09:45,74,58.9,01:01,,1466,,5783.00,29.5,,
,00:09:46,74,59.1,01:01,,1466,,5800.80,29.6,,
,00:09:47,74,59.2,01:01,,1467,,5816.90,29.5,,
,00:09:48,74,58.5,01:02,,1467,,5830.60,29.6,,
,00:09:49,74,58.8,01:01,,1467,,5830.60,29.6,,
,00:09:50,74,59.3,01:01,,1467,,5830.70,29.5,,
,00:09:51,74,58.9,01:01,,1467,,5846.80,29.5,,
,00:09:52,74,59.0,01:01,,1467,,5847.20,29.6,,
,00:09:53,74,58.9,01:01,,1473,,5871.58,29.7,,
,00:09:54,74,59.1,01:01,,1473,,5881.70,29.7,,
,00:09:55,74,59.0,01:01,,1475,,5881.80,29.6,,
,00:09:56,74,59.0,01:01,,1475,,5881.90,29.6,,
,00:09:57,74,59.0,01:01,,1477,,5881.90,29.6,,
,00:09:58,74,59.0,01:01,,1477,,5881.90,29.7,,
,00:09:59,74,59.0,01:01,,1479,,5881.90,29.7,,
,00:10:00,74,59.0,01:01,,1479,,5881.90,29.6,,
,00:10:01,74,59.0,01:01,,1481,,5881.90,29.6,,
,00:10:02,75,59.0,01:01,,1481,,5881.90,29.7,,
,00:10:03,75,59.0,01:01,,1483,,5881.90,29.6,,
,00:10:04,75,59.0,01:01,,1483,,5881.90,29.8,,
,00:10:05,75,59.0,01:01,,1485,,5881.90,29.7,,
,00:10:06,77,59.0,01:01,,1485,,5881.90,29.6,,
,00:10:07,77,,,,1488,,5881.90,29.7,,
,00:10:08,77,,,,1488,,5881.90,29.8,,
,00:10:09,78,,,,1490,,5881.90,29.7,,
,00:10:10,78,59.0,01:01,,1490,,5881.90,29.8,,
,00:10:11,78,59.0,01:01,,1492,,5906.27,29.8,,
,00:10:12,79,59.0,01:01,,1492,,5930.65,29.7,,
,00:10:13,79,59.0,01:01,,1494,,5955.02,29.8,,
,00:10:14,79,59.0,01:01,,1494,,5979.40,29.8,,
,00:10:15,80,59.0,01:01,,1496,,6003.77,29.8,,
,00:10:16,80,59.1,01:01,,1496,,6028.15,29.8,,
,00:10:17,80,59.2,01:01,,1499,,6052.52,29.8,,
,00:10:18,80,59.3,01:01,,1499,,6076.90,29.8,,
,00:10:19,80,59.2,01:01,,1501,,6101.27,29.7,,
,00:10:20,80,58.9,01:01,,1501,,6125.65,29.8,,
,00:10:21,80,58.3,01:02,,1503,,6150.02,29.7,,
,00:10:22,80,57.2,01:03,,1503,,6174.40,29.8,,
,00:10:23,80,55.7,01:05,,1506,,6198.77,29.8,,
,00:10:24,79,53.9,01:07,,1506,,6223.15,29.9,,
,00:10:25,78,52.0,01:09,,1508,,6247.52,29.8,,
,00:10:26,78,50.2,01:12,,1508,,6271.90,29.9,,
,00:10:27,77,48.7,01:14,,1510,,6296.27,29.9,,
,00:10:28,77,47.6,01:16,,1510,,6320.65,29.9,,
,00:10:29,77,47.0,01:17,,1512,,6345.02,29.8,,
,00:10:30,76,46.6,01:17,,1512,,6369.40,30.0,,
,00:10:31,76,46.4,01:18,,1514,,6393.77,29.8,,
,00:10:32,76,46.3,01:18,,1514,,6418.15,29.9,,
,00:10:33,76,46.2,01:18,,1516,,6442.52,29.9,,
,00:10:34,76,46.1,01:18,,1516,,6466.90,29.9,,
,00:10:35,76,46.1,01:18,,1517,,6491.27,29.9,,
,00:10:36,76,46.0,01:18,,1517,,6515.65,29.9,,
,00:10:37,76,45.9,01:18,,1519,,6540.02,29.9,,
,00:10:38,76,45.8,01:19,,1519,,6564.40,29.9,,
,00:10:39,76,45.8,01:19,,1521,,6578.90,29.9,,
,00:10:40,76,45.7,01:19,,1521,,6591.60,30.0,,
,00:10:41,76,45.6,01:19,,1523,,6603.80,29.9,,
,00:10:42,77,45.4,01:19,,1523,,6616.10,29.9,,
,00:10:43,77,45.3,01:19,,1523,,6628.40,30.0,,
,00:10:44,77,45.2,01:20,,1523,,6641.20,30.0,,
,00:10:45,77,45.2,01:20,,1523,,6654.20,30.0,,
,00:10:46,77,45.2,01:20,,1523,,6666.90,29.9,,
,00:10:47,76,45.3,01:19,,1529,,6680.50,30.1,,
,00:10:48,76,45.4,01:19,,1529,,6694.10,29.9,,
,00:10:49,76,45.6,01:19,,1531,,6706.50,30.0,,
,00:10:50,76,45.7,01:19,,1531,,6721.70,29.9,,
,00:10:51,75,45.9,01:19,,1532,,6735.60,30.0,,
,00:10:52,75,45.9,01:18,,1532,,6749.00,30.1,,
,00:10:53,75,45.9,01:18,,1532,,6762.50,29.9,,
,00:10:54,75,45.6,01:19,,1532,,6775.40,30.0,,
,00:10:55,75,45.1,01:20,,1532,,6787.80,30.0,,
,00:10:56,75,44.4,01:21,,1532,,6797.60,30.0,,
,00:10:57,75,43.7,01:22,,1538,,6809.70,30.0,,
,00:10:58,75,43.1,01:24,,1538,,6822.50,30.0,,
,00:10:59,75,42.7,01:24,,1540,,6832.30,30.1,,
,00:11:00,75,42.5,01:25,,1540,,6842.20,29.9,,
,00:11:01,76,42.4,01:25,,1541,,6853.90,30.0,,
,00:11:02,76,42.3,01:25,,1541,,6863.90,30.2,,
,00:11:03,76,42.1,01:25,,1542,,6876.00,30.0,,
,00:11:04,76,42.0,01:26,,1542,,6886.20,30.1,,
,00:11:05,77,41.9,01:26,,1543,,6900.20,30.1,,
,00:11:06,76,41.8,01:26,,1543,,6911.40,30.0,,
,00:11:07,76,41.8,01:26,,1543,,6923.40,30.0,,
,00:11:08,76,41.8,01:26,,1543,,6935.20,30.1,,
,00:11:09,75,41.8,01:26,,1543,,6948.90,30.1,,
,00:11:10,75,41.9,01:26,,1543,,6960.80,30.1,,
,00:11:11,74,42.1,01:26,,1543,,6972.80,30.0,,
,00:11:12,75,42.4,01:25,,1543,,6984.60,30.1,,
,00:11:13,75,42.7,01:24,,1545,,6999.90,30.0,,
,00:11:14,75,43.0,01:24,,1545,,7010.10,30.0,,
,00:11:15,76,43.3,01:23,,1545,,7022.10,30.1,,
,00:11:16,75,43.5,01:23,,1545,,7034.40,30.1,,
,00:11:17,75,43.7,01:22,,1545,,7046.00,29.9,,
,00:11:18,76,43.8,01:22,,1545,,7058.20,30.1,,
,00:11:19,76,44.0,01:22,,1546,,7068.30,30.0,,
,00:11:20,76,44.4,01:21,,1546,,7082.00,30.0,,
,00:11:21,76,44.7,01:21,,1546,,7094.90,30.0,,
,00:11:22,76,45.0,01:20,,1546,,7106.10,30.1,,
,00:11:23,76,45.6,01:19,,1546,,7119.60,30.0,,
,00:11:24,77,46.1,01:18,,1546,,7134.00,30.0,,
,00:11:25,77,46.7,01:17,,1546,,7148.10,30.0,,
,00:11:26,77,47.4,01:16,,1546,,7162.50,29.9,,
,00:11:27,77,50.4,01:11,,1546,,7177.50,30.0,,
,00:11:28,77,51.4,01:10,,1546,,7194.50,30.0,,
,00:11:29,76,52.4,01:09,,1547,,7209.70,29.9,,
,00:11:30,76,53.4,01:07,,1547,,7225.80,30.1,,
,00:11:31,76,54.2,01:06,,1547,,7242.20,30.0,,
,00:11:32,76,54.7,01:06,,1547,,7258.40,30.0,,
,00:11:33,76,55.1,01:05,,1547,,7274.50,29.9,,
,00:11:34,76,55.3,01:05,,1547,,7290.60,29.9,,
,00:11:35,76,55.5,01:05,,1548,,7306.90,30.0,,
,00:11:36,76,55.7,01:05,,1548,,7322.90,30.1,,
,00:11:37,76,55.9,01:04,,1548,,7338.60,29.9,,
,00:11:38,77,56.2,01:04,,1548,,7352.50,29.9,,
,00:11:39,77,56.7,01:04,,1549,,7369.60,30.0,,
,00:11:40,78,57.2,01:03,,1549,,7385.70,29.9,,
,00:11:41,78,57.9,01:02,,1550,,7400.50,30.1,,
,00:11:42,78,58.6,01:01,,1550,,7418.80,30.0,,
,00:11:43,78,59.1,01:01,,1550,,7435.80,30.0,,
,00:11:44,79,59.5,01:00,,1550,,7452.40,29.9,,
,00:11:45,79,59.8,01:00,,1551,,7470.40,30.0,,
,00:11:46,79,59.9,01:00,,1551,,7487.60,29.9,,
,00:11:47,79,59.9,01:00,,1551,,7505.90,30.1,,
,00:11:48,78,59.8,01:00,,1551,,7520.00,30.0,,
,00:11:49,78,59.4,01:01,,1552,,7536.50,30.0,,
,00:11:50,78,58.8,01:01,,1552,,7555.30,30.0,,
,00:11:51,77,58.1,01:02,,1552,,7569.70,29.9,,
,00:11:52,77,56.9,01:03,,1552,,7583.20,30.0,,
,00:11:53,76,55.5,01:05,,1553,,7596.70,30.0,,
,00:11:54,77,53.9,01:07,,1553,,7610.60,30.1,,
,00:11:55,77,52.4,01:09,,1553,,7624.70,30.1,,
,00:11:56,78,51.2,01:10,,1553,,7636.30,30.0,,
,00:11:57,79,50.4,01:11,,1554,,7649.70,30.0,,
,00:11:58,79,49.9,01:12,,1554,,7661.60,29.9,,
,00:11:59,79,49.7,01:12,,1554,,7672.70,30.0,,
,00:12:00,80,49.6,01:13,,1554,,7686.10,30.0,,
,00:12:01,80,49.5,01:13,,1554,,7700.70,29.9,,
,00:12:02,81,49.5,01:13,,1554,,7713.90,30.0,,
,00:12:03,82,49.7,01:12,,1555,,7727.60,30.0,,
,00:12:04,82,50.0,01:12,,1555,,7740.70,30.1,,
,00:12:05,82,50.5,01:11,,1555,,7753.70,30.0,,
,00:12:06,82,50.9,01:11,,1555,,7771.30,30.0,,
,00:12:07,82,51.3,01:10,,1556,,7786.10,30.1,,
,00:12:08,80,51.7,01:10,,1556,,7800.30,30.0,,
,00:12:09,80,51.9,01:09,,1556,,7813.60,30.1,,
,00:12:10,80,52.1,01:09,,1556,,7827.20,29.9,,
,00:12:11,80,52.3,01:09,,1556,,7843.50,30.0,,
,00:12:12,80,52.6,01:08,,1556,,7858.50,29.9,,
,00:12:13,80,52.9,01:08,,1556,,7873.50,30.1,,
,00:12:14,80,53.3,01:08,,1556,,7890.10,30.0,,
,00:12:15,79,53.5,01:07,,1556,,7903.60,30.0,,
,00:12:16,79,53.7,01:07,,1556,,7918.50,30.0,,
,00:12:17,79,53.8,01:07,,1556,,7934.00,30.0,,
,00:12:18,79,53.8,01:07,,1556,,7949.30,29.9,,
,00:12:19,79,53.7,01:07,,1559,,7965.70,30.1,,
,00:12:20,78,53.7,01:07,,1559,,7979.40,30.0,,
,00:12:21,77,53.8,01:07,,1559,,7994.10,30.0,,
,00:12:22,77,53.8,01:07,,1559,,8009.40,30.0,,
,00:12:23,77,53.8,01:07,,1560,,8024.30,30.0,,
,00:12:24,77,53.8,01:07,,1560,,8038.60,30.0,,
,00:12:25,76,53.7,01:07,,1560,,8053.80,30.0,,
,00:12:26,76,53.7,01:07,,1560,,8068.60,30.0,,
,00:12:27,76,53.8,01:07,,1561,,8083.20,30.0,,
,00:12:28,75,53.8,01:07,,1561,,8098.50,30.0,,
,00:12:29,75,54.0,01:07,,1561,,8112.90,30.0,,
,00:12:30,75,54.2,01:06,,1561,,8128.50,30.1,,
,00:12:31,75,54.1,01:07,,1561,,8143.70,29.9,,
,00:12:32,75,54.0,01:07,,1561,,8157.70,30.0,,
,00:12:33,75,53.6,01:07,,1561,,8173.30,30.0,,
,00:12:34,77,52.9,01:08,,1561,,8188.00,30.0,,
,00:12:35,78,51.9,01:09,,1562,,8200.90,30.0,,
,00:12:36,80,50.8,01:11,,1562,,8214.90,30.1,,
,00:12:37,80,49.7,01:12,,1562,,8228.00,29.9,,
,00:12:38,80,48.7,01:14,,1562,,8240.20,30.0,,
,00:12:39,80,47.9,01:15,,1563,,8252.70,30.1,,
,00:12:40,80,47.1,01:16,,1563,,8264.60,30.0,,
,00:12:41,80,46.4,01:18,,1563,,8275.70,30.1,,
,00:12:42,79,45.9,01:18,,1563,,8285.70,30.1,,
,00:12:43,79,45.7,01:19,,1563,,8298.20,30.1,,
,00:12:44,79,46.0,01:18,,1563,,8308.80,30.0,,
,00:12:45,79,46.8,01:17,,1564,,8323.20,30.0,,
,00:12:46,79,47.8,01:15,,1564,,8336.90,30.0,,
,00:12:47,79,48.9,01:14,,1564,,8351.00,30.0,,
,00:12:48,79,49.9,01:12,,1564,,8365.40,30.0,,
,00:12:49,79,50.8,01:11,,1565,,8380.50,30.0,,
,00:12:50,79,51.5,01:10,,1565,,8396.00,30.0,,
,00:12:51,80,52.1,01:09,,1565,,8413.60,30.0,,
,00:12:52,80,52.6,01:08,,1565,,8428.10,30.2,,
,00:12:53,80,53.0,01:08,,1565,,8445.50,30.0,,
,00:12:54,81,53.4,01:07,,1565,,8459.20,30.0,,
,00:12:55,81,53.9,01:07,,1566,,8474.60,30.1,,
,00:12:56,81,54.6,01:06,,1566,,8490.40,30.1,,
,00:12:57,81,55.5,01:05,,1566,,8506.00,30.1,,
,00:12:58,81,56.4,01:04,,1566,,8522.80,30.1,,
,00:12:59,82,57.3,01:03,,1567,,8539.80,30.0,,
,00:13:00,82,58.0,01:02,,1567,,8556.40,30.0,,
,00:13:01,82,58.4,01:02,,1567,,8573.20,30.1,,
,00:13:02,82,58.7,01:01,,1567,,8590.40,30.0,,
,00:13:03,82,59.1,01:01,,1568,,8607.30,30.1,,
,00:13:04,82,59.5,01:01,,1568,,8624.70,30.1,,
,00:13:05,81,60.1,01:00,,1569,,8642.40,30.0,,
,00:13:06,81,60.7,00:59,,1569,,8659.70,30.2,,
,00:13:07,81,61.3,00:59,,1569,,8677.10,30.0,,
,00:13:08,80,61.8,00:58,,1569,,8694.00,30.1,,
,00:13:09,80,62.1,00:58,,1569,,8712.30,30.1,,
,00:13:10,81,62.5,00:58,,1569,,8730.10,30.1,,
,00:13:11,81,62.7,00:57,,1569,,8747.60,30.0,,
,00:13:12,82,62.8,00:57,,1569,,8766.40,30.1,,
,00:13:13,82,62.9,00:57,,1569,,8784.00,30.0,,
,00:13:14,82,62.9,00:57,,1569,,8801.80,30.1,,
,00:13:15,82,62.9,00:57,,1569,,8819.30,30.0,,
,00:13:16,82,62.8,00:57,,1569,,8836.60,30.1,,
,00:13:17,82,62.8,00:57,,1569,,8853.90,30.0,,
,00:13:18,82,63.0,00:57,,1569,,8871.30,30.0,,
,00:13:19,82,63.0,00:57,,1568,,8888.80,30.1,,
,00:13:20,82,62.8,00:57,,1568,,8906.60,30.1,,
,00:13:21,82,62.5,00:58,,1568,,8923.50,30.0,,
,00:13:22,83,62.0,00:58,,1568,,8940.50,30.0,,
,00:13:23,83,61.1,00:59,,1567,,8956.80,29.9,,
,00:13:24,82,60.0,01:00,,1567,,8973.10,29.9,,
,00:13:25,82,58.8,01:01,,1567,,8988.70,30.1,,
,00:13:26,82,57.9,01:02,,1567,,9003.40,29.9,,
,00:13:27,82,57.0,01:03,,1566,,9017.90,30.0,,
,00:13:28,82,56.3,01:04,,1566,,9032.50,30.0,,
,00:13:29,81,55.9,01:04,,1565,,9046.60,30.1,,
,00:13:30,81,55.6,01:05,,1565,,9060.90,30.1,,
,00:13:31,81,55.2,01:05,,1564,,9075.10,29.9,,
,00:13:32,81,54.9,01:06,,1564,,9089.50,29.9,,
,00:13:33,81,54.9,01:06,,1563,,9104.10,30.0,,
,00:13:34,81,54.8,01:06,,1563,,9118.60,29.9,,
,00:13:35,81,54.7,01:06,,1562,,9134.20,30.0,,
,00:13:36,81,54.3,01:06,,1562,,9149.30,29.9,,
,00:13:37,81,53.8,01:07,,1561,,9163.40,30.0,,
,00:13:38,81,52.9,01:08,,1561,,9177.80,30.0,,
,00:13:39,81,52.0,01:09,,1561,,9191.50,29.8,,
,00:13:40,83,51.0,01:11,,1561,,9204.80,30.0,,
,00:13:41,83,50.1,01:12,,1561,,9218.10,30.1,,
,00:13:42,84,49.3,01:13,,1561,,9230.60,30.0,,
,00:13:43,85,48.7,01:14,,1555,,9243.00,29.9,,
,00:13:44,86,48.1,01:15,,1555,,9253.40,29.9,,
,00:13:45,87,47.7,01:15,,1554,,9264.90,30.0,,
,00:13:46,87,47.3,01:16,,1554,,9277.10,29.9,,
,00:13:47,88,46.9,01:17,,1554,,9290.60,30.0,,
,00:13:48,89,46.5,01:17,,1554,,9302.70,30.0,,
,00:13:49,89,46.2,01:18,,1554,,9315.30,30.0,,
,00:13:50,89,45.8,01:19,,1554,,9327.60,30.0,,
,00:13:51,89,45.6,01:19,,1548,,9340.20,29.9,,
,00:13:52,89,45.5,01:19,,1548,,9352.60,29.9,,
,00:13:53,88,45.5,01:19,,1547,,9366.60,30.0,,
,00:13:54,88,45.5,01:19,,1547,,9379.30,30.0,,
,00:13:55,88,45.6,01:19,,1545,,9391.80,30.0,,
,00:13:56,87,45.8,01:19,,1545,,9402.90,30.0,,
,00:13:57,87,46.0,01:18,,1543,,9413.90,29.9,,
,00:13:58,86,46.3,01:18,,1543,,9426.90,29.9,,
,00:13:59,85,46.7,01:17,,1542,,9441.10,29.9,,
,00:14:00,85,47.0,01:17,,1542,,9454.60,29.9,,
,00:14:01,85,47.3,01:16,,1540,,9468.20,29.9,,
,00:14:02,85,47.4,01:16,,1540,,9480.40,30.0,,
,00:14:03,85,47.4,01:16,,1538,,9495.20,29.9,,
,00:14:04,85,47.3,01:16,,1538,,9508.40,30.1,,
,00:14:05,85,47.1,01:16,,1537,,9522.00,30.0,,
,00:14:06,85,47.4,01:16,,1537,,9536.50,29.9,,
,00:14:07,85,47.4,01:16,,1535,,9536.50,30.0,,
,00:14:08,85,47.3,01:16,,1535,,9536.50,29.9,,
,00:14:09,85,47.3,01:16,,1533,,9536.50,30.0,,
,00:14:10,85,47.3,01:16,,1533,,9536.50,29.9,,
,00:14:11,85,47.4,01:16,,1531,,9536.50,29.9,,
,00:14:12,85,47.3,01:16,,1531,,9536.50,30.0,,
,00:14:13,85,47.3,01:16,,1529,,9536.50,30.0,,
,00:14:14,84,47.3,01:16,,1529,,9536.50,29.9,,
,00:14:15,84,47.3,01:16,,1527,,9536.50,30.0,,
,00:14:16,84,47.3,01:16,,1527,,9536.50,30.1,,
,00:14:17,83,47.3,01:16,,1526,,9536.50,29.9,,
,00:14:18,82,47.3,01:16,,1526,,9536.50,29.9,,
,00:14:19,83,47.3,01:16,,1525,,9536.50,30.0,,
,00:14:20,84,,,,1525,,9536.50,29.9,,
,00:14:21,83,,,,1523,,9536.50,30.1,,
,00:14:22,83,,,,1523,,9536.50,30.0,,
,00:14:23,83,,,,1520,,9536.50,30.1,,
,00:14:24,83,,,,1520,,9536.50,30.0,,
,00:14:25,83,,,,1518,,9536.50,29.9,,
,00:14:26,82,,,,1518,,9536.50,30.0,,
,00:14:27,82,,,,1515,,9536.50,30.0,,
,00:14:28,82,,,,1515,,9536.50,30.1,,
,00:14:29,81,,,,1512,,9536.50,29.9,,
,00:14:30,81,,,,1512,,9536.50,29.9,,
,00:14:31,81,,,,1509,,9536.50,29.9,,
,00:14:32,80,,,,1509,,9536.50,29.9,,
,00:14:33,80,,,,1506,,9536.50,30.0,,
,00:14:34,80,,,,1506,,9536.50,30.0,,
,00:14:35,79,,,,1502,,9536.50,30.0,,
,00:14:36,79,,,,1502,,9536.50,30.0,,
,00:14:37,78,,,,1499,,9536.50,30.0,,
,00:14:38,78,,,,1499,,9536.50,30.0,,
,00:14:39,78,,,,1496,,9536.50,30.0,,
,00:14:40,78,,,,1496,,9536.50,30.0,,
,00:14:41,78,,,,1496,,9536.50,30.0,,
,00:14:42,78,,,,1496,,9536.50,30.0,,
,00:14:43,78,,,,1496,,9536.50,30.0,,
,00:14:44,78,,,,1496,,9536.50,30.0,,
,00:14:45,78,,,,1491,,9536.50,29.9,,
,00:14:46,77,,,,1491,,9536.50,30.0,,
,00:14:47,77,,,,1490,,9536.50,30.0,,
,00:14:48,79,,,,1490,,9536.50,30.1,,
,00:14:49,79,,,,1490,,9536.50,30.0,,
,00:14:50,80,,,,1490,,9536.50,30.0,,
,00:14:51,79,,,,1489,,9536.50,30.1,,
,00:14:52,79,0.0,00:00,,1489,,9536.50,30.1,,
,00:14:53,80,0.0,00:00,,1489,,9536.50,29.9,,
,00:14:54,80,0.0,00:00,,1489,,9560.88,30.1,,
,00:14:55,81,62.5,00:58,,1488,,9585.25,30.0,,
,00:14:56,81,67.9,00:53,,1488,,9609.63,29.9,,
,00:14:57,82,69.5,00:52,,1488,,9634.00,30.1,,
,00:14:58,83,70.0,00:51,,1488,,9658.38,30.0,,
,00:14:59,83,70.1,00:51,,1488,,9682.75,30.1,,
,00:15:00,83,70.1,00:51,,1488,,9707.13,30.0,,
,00:15:01,84,70.1,00:51,,1482,,9731.50,30.1,,
,00:15:02,84,70.1,00:51,,1482,,9755.88,30.0,,
,00:15:03,85,70.1,00:51,,1479,,9780.25,29.9,,
,00:15:04,85,70.1,00:51,,1479,,9804.63,30.0,,
,00:15:05,86,70.1,00:51,,1476,,9829.00,30.1,,
,00:15:06,87,70.1,00:51,,1476,,9853.38,29.9,,
,00:15:07,87,70.1,00:51,,1472,,9877.75,30.0,,
,00:15:08,88,70.1,00:51,,1472,,9902.13,30.0,,
,00:15:09,89,70.1,00:51,,1468,,9926.50,30.1,,
,00:15:10,89,70.1,00:51,,1468,,9950.88,30.0,,
,00:15:11,90,70.1,00:51,,1464,,9975.25,30.0,,
,00:15:12,89,70.1,00:51,,1464,,9999.63,30.1,,
,00:15:13,89,,,,1461,,10024.00,29.9,,
,00:15:14,87,,,,1461,,10048.38,30.0,,
,00:15:15,88,,,,1459,,10072.75,30.1,,
,00:15:16,88,,,,1459,,10097.13,30.1,,
,00:15:17,88,,,,1457,,10121.50,30.1,,
,00:15:18,88,,,,1457,,10145.88,30.0,,
,00:15:19,88,,,,1455,,10170.25,30.0,,
,00:15:20,89,,,,1455,,10194.63,30.0,,
,00:15:21,89,,,,1453,,10219.00,30.1,,
,00:15:22,89,,,,1453,,10243.38,30.1,,
,00:15:23,89,,,,1452,,10267.75,30.1,,
,00:15:24,89,,,,1452,,10292.13,30.1,,
,00:15:25,88,,,,1450,,10316.50,30.1,,
,00:15:26,86,,,,1450,,10340.88,30.1,,
,00:15:27,85,,,,1449,,10365.25,30.0,,
,00:15:28,85,,,,1449,,10389.63,29.9,,
,00:15:29,84,,,,1448,,10414.00,30.0,,
,00:15:30,84,,,,1448,,10419.20,30.0,,
,00:15:31,84,,,,1448,,10419.20,29.9,,
,00:15:32,83,,,,1448,,10419.20,30.1,,
,00:15:33,83,,,,1447,,10419.20,30.1,,
,00:15:34,82,,,,1447,,10419.20,30.1,,
,00:15:35,82,,,,1447,,10419.20,30.0,,
,00:15:36,82,,,,1447,,10419.20,29.9,,
,00:15:37,81,,,,1447,,10419.20,30.1,,
,00:15:38,81,,,,1447,,10419.20,29.9,,
,00:15:39,81,,,,1447,,10419.20,30.1,,
,00:15:40,81,,,,1447,,10419.20,30.1,,
,00:15:41,81,,,,1447,,10419.20,29.9,,
,00:15:42,81,,,,1447,,10419.20,30.0,,
,00:15:43,81,,,,1447,,10419.20,30.0,,
,00:15:44,80,,,,1447,,10419.20,30.0,,
,00:15:45,80,,,,1446,,10419.20,30.0,,
,00:15:46,80,,,,1446,,10419.20,30.1,,
,00:15:47,79,,,,1446,,10419.20,30.0,,
,00:15:48,79,,,,1446,,10419.20,30.0,,
,00:15:49,79,,,,1446,,10419.20,30.0,,
,00:15:50,79,,,,1446,,10419.20,30.0,,
,00:15:51,80,,,,1446,,10419.20,29.9,,
,00:15:52,80,,,,1446,,10419.20,30.1,,
,00:15:53,80,,,,1447,,10419.20,30.0,,
,00:15:54,80,,,,1447,,10419.20,29.9,,
,00:15:55,80,,,,1447,,10419.20,30.1,,
,00:15:56,81,0.0,00:00,,1447,,10419.20,30.0,,
,00:15:57,81,0.0,00:00,,1447,,10419.20,30.0,,
,00:15:58,81,0.0,00:00,,1447,,10443.58,30.1,,
,00:15:59,81,57.0,01:03,,1451,,10467.95,30.0,,
,00:16:00,82,60.9,00:59,,1451,,10492.33,30.0,,
,00:16:01,82,61.9,00:58,,1451,,10516.70,30.0,,
,00:16:02,83,61.9,00:58,,1451,,10541.08,30.1,,
,00:16:03,84,61.8,00:58,,1451,,10565.45,29.9,,
,00:16:04,84,61.7,00:58,,1451,,10589.83,30.0,,
,00:16:05,85,61.7,00:58,,1450,,10614.20,30.0,,
,00:16:06,86,61.7,00:58,,1450,,10638.58,30.0,,
,00:16:07,86,61.4,00:59,,1449,,10662.95,30.0,,
,00:16:08,86,61.1,00:59,,1449,,10687.33,30.1,,
,00:16:09,87,60.3,01:00,,1449,,10711.70,30.0,,
,00:16:10,87,59.4,01:01,,1449,,10736.08,30.0,,
,00:16:11,87,57.9,01:02,,1449,,10760.45,30.1,,
,00:16:12,87,56.5,01:04,,1449,,10784.83,30.1,,
,00:16:13,86,56.1,01:04,,1445,,10809.20,30.1,,
,00:16:14,86,55.6,01:05,,1445,,10833.58,29.9,,
,00:16:15,85,54.9,01:06,,1445,,10857.95,30.0,,
,00:16:16,85,54.3,01:06,,1445,,10882.33,30.0,,
,00:16:17,84,53.7,01:07,,1444,,10906.70,29.9,,
,00:16:18,83,53.4,01:07,,1444,,10931.08,30.0,,
,00:16:19,83,53.1,01:08,,1444,,10955.45,30.0,,
,00:16:20,82,53.0,01:08,,1444,,10979.83,30.1,,
,00:16:21,81,52.8,01:08,,1444,,11004.20,30.0,,
,00:16:22,81,52.3,01:09,,1444,,11028.58,30.1,,
,00:16:23,81,51.0,01:11,,1444,,11052.95,30.0,,
,00:16:24,81,49.4,01:13,,1444,,11077.33,30.1,,
,00:16:25,80,47.2,01:16,,1444,,11101.70,30.0,,
,00:16:26,80,44.9,01:20,,1444,,11126.08,30.1,,
,00:16:27,80,42.6,01:24,,1444,,11150.45,30.0,,
,00:16:28,80,40.7,01:29,,1444,,11174.83,30.0,,
,00:16:29,80,39.1,01:32,,1444,,11199.20,30.0,,
,00:16:30,80,38.0,01:35,,1444,,11223.58,30.0,,
,00:16:31,80,37.4,01:36,,1444,,11247.95,30.1,,
,00:16:32,80,36.9,01:38,,1444,,11272.33,30.1,,
,00:16:33,80,36.2,01:39,,1444,,11296.70,30.1,,
,00:16:34,80,35.1,01:43,,1444,,11321.08,30.0,,
,00:16:35,82,33.5,01:47,,1444,,11345.45,29.9,,
,00:16:36,82,31.8,01:53,,1444,,11369.83,30.0,,
,00:16:37,82,30.2,01:59,,1444,,11394.20,30.0,,
,00:16:38,82,29.1,02:04,,1444,,11418.58,30.1,,
,00:16:39,82,28.9,02:05,,1444,,11442.95,30.0,,
,00:16:40,82,29.2,02:03,,1444,,11467.33,30.0,,
,00:16:41,82,29.9,02:00,,1444,,11491.70,30.0,,
,00:16:42,81,30.9,01:57,,1444,,11516.08,30.0,,
,00:16:43,81,32.0,01:53,,1444,,11540.45,30.0,,
,00:16:44,81,32.7,01:50,,1444,,11564.83,30.0,,
,00:16:45,81,33.5,01:48,,1444,,11589.20,30.0,,
,00:16:46,81,34.0,01:46,,1444,,11597.90,30.0,,
,00:16:47,81,34.6,01:44,,1444,,11597.90,30.0,,
,00:16:48,81,32.7,01:50,,1444,,11597.90,30.0,,
,00:16:49,81,33.8,01:47,,1444,,11597.90,30.0,,
,00:16:50,81,33.7,01:47,,1444,,11597.90,29.9,,
,00:16:51,80,33.4,01:48,,1444,,11604.20,30.0,,
,00:16:52,80,33.6,01:47,,1444,,11617.50,29.9,,
,00:16:53,80,33.6,01:47,,1444,,11630.00,29.9,,
,00:16:54,80,33.5,01:47,,1444,,11644.20,29.9,,
,00:16:55,79,33.6,01:47,,1444,,11657.70,30.0,,
,00:16:56,79,33.5,01:47,,1444,,11670.90,29.9,,
,00:16:57,78,33.5,01:47,,1444,,11683.10,29.9,,
,00:16:58,78,33.5,01:47,,1444,,11696.00,29.9,,
,00:16:59,78,33.5,01:47,,1444,,11709.50,29.9,,
,00:17:00,77,36.7,01:38,,1444,,11715.50,30.0,,
,00:17:01,77,38.7,01:33,,1444,,11728.60,30.0,,
,00:17:02,77,39.9,01:30,,1444,,11741.60,29.9,,
,00:17:03,77,34.6,01:44,,1444,,11754.50,30.0,,
,00:17:04,78,37.7,01:35,,1444,,11754.50,30.0,,
,00:17:05,78,37.4,01:36,,1447,,11766.70,30.0,,
,00:17:06,79,36.6,01:38,,1447,,11786.10,30.0,,
,00:17:07,80,37.2,01:37,,1447,,11797.20,29.9,,
,00:17:08,80,37.1,01:37,,1447,,11810.50,30.0,,
,00:17:09,80,37.0,01:37,,1448,,11826.30,29.9,,
,00:17:10,81,37.1,01:37,,1448,,11843.70,30.1,,
,00:17:11,81,37.0,01:37,,1448,,11859.10,30.0,,
,00:17:12,81,37.0,01:37,,1448,,11875.50,30.0,,
,00:17:13,81,37.0,01:37,,1448,,11893.20,29.9,,
,00:17:14,81,37.0,01:37,,1448,,11912.10,30.1,,
,00:17:15,80,43.1,01:24,,1448,,11927.10,29.9,,
,00:17:16,80,47.7,01:15,,1448,,11949.30,29.9,,
,00:17:17,79,50.9,01:11,,1447,,11969.30,29.9,,
,00:17:18,79,53.2,01:08,,1447,,11987.10,29.9,,
,00:17:19,79,54.5,01:06,,1446,,12005.00,30.0,,
,00:17:20,78,55.3,01:05,,1446,,12024.40,30.0,,
,00:17:21,78,55.8,01:04,,1445,,12042.20,30.0,,
,00:17:22,78,56.3,01:04,,1445,,12058.60,29.9,,
,00:17:23,77,56.8,01:03,,1444,,12076.00,29.9,,
,00:17:24,77,57.2,01:03,,1444,,12093.20,29.9,,
,00:17:25,77,57.5,01:03,,1443,,12110.60,29.9,,
,00:17:26,77,57.9,01:02,,1443,,12127.90,30.0,,
,00:17:27,77,58.4,01:02,,1443,,12143.70,30.0,,
,00:17:28,77,58.9,01:01,,1443,,12163.00,30.0,,
,00:17:29,78,59.6,01:00,,1443,,12180.90,30.1,,
,00:17:30,78,60.6,00:59,,1443,,12198.70,29.9,,
,00:17:31,79,61.6,00:58,,1443,,12217.00,30.0,,
,00:17:32,79,62.6,00:58,,1443,,12235.00,30.1,,
,00:17:33,78,63.3,00:57,,1443,,12253.70,30.1,,
,00:17:34,78,63.8,00:56,,1443,,12270.60,30.1,,
,00:17:35,78,63.8,00:56,,1443,,12288.60,30.1,,
,00:17:36,78,63.6,00:57,,1443,,12312.00,30.0,,
,00:17:37,78,63.4,00:57,,1443,,12328.40,30.0,,
,00:17:38,78,63.3,00:57,,1443,,12347.40,30.0,,
,00:17:39,78,63.2,00:57,,1443,,12366.00,30.1,,
,00:17:40,78,63.2,00:57,,1443,,12384.50,30.1,,
,00:17:41,78,63.3,00:57,,1443,,12402.90,30.0,,
,00:17:42,78,63.3,00:57,,1443,,12421.60,30.1,,
,00:17:43,78,63.1,00:57,,1443,,12441.50,30.1,,
,00:17:44,78,62.9,00:57,,1443,,12458.60,30.1,,
,00:17:45,79,62.4,00:58,,1443,,12473.90,30.1,,
,00:17:46,79,61.8,00:58,,1443,,12491.60,30.0,,
,00:17:47,79,61.1,00:59,,1442,,12508.30,30.1,,
,00:17:48,79,60.6,00:59,,1442,,12525.10,30.1,,
,00:17:49,79,60.2,01:00,,1442,,12541.90,29.9,,
,00:17:50,79,60.1,01:00,,1442,,12558.40,30.1,,
,00:17:51,78,60.1,01:00,,1442,,12574.80,30.0,,
,00:17:52,77,60.0,01:00,,1442,,12591.10,30.1,,
,00:17:53,77,59.7,01:00,,1442,,12608.10,30.0,,
,00:17:54,76,59.3,01:01,,1442,,12624.50,30.0,,
,00:17:55,76,58.9,01:01,,1441,,12641.10,30.1,,
,00:17:56,75,58.4,01:02,,1441,,12656.80,30.0,,
,00:17:57,76,57.9,01:02,,1441,,12673.70,30.1,,
,00:17:58,76,57.4,01:03,,1441,,12689.20,30.1,,
,00:17:59,77,57.0,01:03,,1441,,12704.20,30.1,,
,00:18:00,77,56.6,01:04,,1441,,12718.80,30.0,,
,00:18:01,78,56.3,01:04,,1441,,12734.60,30.1,,
,00:18:02,79,56.2,01:04,,1441,,12749.50,30.1,,
,00:18:03,79,56.1,01:04,,1441,,12764.10,30.0,,
,00:18:04,80,56.0,01:04,,1441,,12778.70,30.0,,
,00:18:05,80,56.0,01:04,,1442,,12793.30,30.0,,
,00:18:06,80,55.8,01:04,,1442,,12806.80,30.1,,
,00:18:07,81,55.5,01:05,,1442,,12821.80,30.1,,
,00:18:08,81,54.9,01:06,,1442,,12834.60,29.9,,
,00:18:09,81,54.3,01:06,,1442,,12845.80,30.0,,
,00:18:10,81,53.7,01:07,,1442,,12858.40,30.1,,
,00:18:11,81,53.3,01:08,,1442,,12871.30,30.1,,
,00:18:12,81,53.4,01:07,,1442,,12885.10,30.1,,
,00:18:13,81,53.9,01:07,,1445,,12899.50,30.0,,
,00:18:14,82,54.5,01:06,,1445,,12914.40,30.1,,
,00:18:15,82,55.3,01:05,,1445,,12929.90,30.0,,
,00:18:16,82,55.4,01:05,,1445,,12945.50,30.1,,
,00:18:17,83,55.1,01:05,,1446,,12962.70,30.1,,
,00:18:18,83,54.4,01:06,,1446,,12980.40,30.2,,
,00:18:19,84,53.5,01:07,,1447,,12996.70,30.0,,
,00:18:20,85,52.4,01:09,,1447,,13012.20,30.2,,
,00:18:21,85,51.1,01:11,,1447,,13026.40,30.1,,
,00:18:22,86,49.7,01:12,,1447,,13039.10,30.1,,
,00:18:23,86,46.4,01:18,,1448,,13050.70,30.2,,
,00:18:24,86,42.8,01:24,,1448,,13059.00,30.1,,
,00:18:25,87,39.6,01:31,,1448,,13065.90,30.1,,
,00:18:26,88,36.9,01:38,,1448,,13073.10,30.1,,
,00:18:27,88,35.3,01:42,,1448,,13079.60,30.1,,
,00:18:28,89,34.5,01:44,,1448,,13086.10,30.3,,
,00:18:29,89,32.8,01:50,,1448,,13092.40,30.1,,
,00:18:30,89,26.8,02:14,,1448,,13097.80,30.1,,
,00:18:31,89,21.0,02:51,,1448,,13100.10,30.2,,
,00:18:32,88,15.3,03:55,,1448,,13100.10,30.1,,
,00:18:33,88,9.8,06:08,,1448,,13101.80,30.0,,
,00:18:34,88,6.8,08:51,,1448,,13102.60,30.2,,
,00:18:35,86,21.0,02:51,,1447,,13102.60,30.1,,
,00:18:36,86,12.5,04:48,,1447,,13105.00,30.1,,
,00:18:37,86,13.4,04:28,,1447,,13105.00,30.1,,
,00:18:38,86,12.5,04:48,,1447,,13105.00,30.1,,
,00:18:39,85,12.8,04:41,,1446,,13105.00,30.1,,
,00:18:40,84,15.7,03:50,,1446,,13105.00,30.1,,
,00:18:41,82,12.9,04:39,,1446,,13105.00,30.1,,
,00:18:42,80,13.8,04:21,,1446,,13105.00,30.1,,
,00:18:43,79,14.1,04:15,,1446,,13105.00,30.1,,
,00:18:44,77,0.0,00:00,,1446,,13105.00,30.1,,
,00:18:45,75,0.0,00:00,,1446,,13105.00,30.1,,
,00:18:46,74,0.0,00:00,,1446,,13105.00,30.1,,
,00:18:47,73,0.0,00:00,,1446,,13105.00,30.1,,
,00:18:48,72,0.0,00:00,,1446,,13105.00,30.1,,
,00:18:49,73,1.0,63:09,,1446,,13105.00,30.1,,
,00:18:50,73,1.7,35:05,,1446,,13105.00,30.3,,
,00:18:51,73,1.9,30:56,,1445,,13105.00,30.2,,
,00:18:52,73,2.0,29:51,,1445,,13105.00,30.2,,
,00:18:53,72,2.0,29:33,,1445,,13105.00,30.1,,
,00:18:54,72,2.4,25:00,,1445,,13105.00,30.2,,
,00:18:55,72,3.0,20:16,,1445,,13105.00,30.2,,
,00:18:56,72,5.9,10:14,,1445,,13105.00,30.1,,
,00:18:57,72,9.6,06:16,,1445,,13106.80,30.1,,
,00:18:58,72,13.7,04:23,,1445,,13114.50,30.2,,
,00:18:59,72,16.7,03:36,,1446,,13120.80,30.1,,
,00:19:00,72,19.1,03:09,,1446,,13129.40,30.2,,
,00:19:01,73,21.8,02:45,,1446,,13141.20,30.1,,
,00:19:02,73,23.7,02:32,,1446,,13154.90,30.2,,
,00:19:03,74,27.5,02:11,,1447,,13170.00,30.1,,
,00:19:04,74,28.2,02:07,,1447,,13186.40,30.2,,
,00:19:05,73,29.6,02:02,,1447,,13201.10,30.1,,
,00:19:06,73,31.2,01:55,,1447,,13215.00,30.1,,
,00:19:07,73,33.1,01:49,,1447,,13228.60,30.2,,
,00:19:08,73,34.7,01:44,,1447,,13242.90,30.3,,
,00:19:09,73,35.8,01:41,,1447,,13256.40,30.2,,
,00:19:10,73,36.5,01:39,,1447,,13268.30,30.2,,
,00:19:11,73,36.8,01:38,,1447,,13278.60,30.1,,
,00:19:12,73,36.3,01:39,,1447,,13289.00,30.1,,
,00:19:13,73,35.3,01:42,,1447,,13297.50,30.1,,
,00:19:14,72,33.8,01:47,,1447,,13303.10,30.1,,
,00:19:15,72,22.2,02:43,,1446,,13308.70,30.2,,
,00:19:16,72,21.7,02:46,,1446,,13310.70,30.1,,
,00:19:17,72,22.0,02:44,,1445,,13313.00,30.2,,
,00:19:18,72,22.8,02:38,,1445,,13315.90,30.2,,
,00:19:19,73,24.5,02:27,,1444,,13320.30,30.1,,
,00:19:20,73,27.2,02:12,,1444,,13326.20,30.1,,
,00:19:21,73,29.7,02:01,,1444,,13333.80,30.2,,
,00:19:22,73,32.3,01:52,,1444,,13342.90,30.1,,
,00:19:23,73,35.0,01:43,,1444,,13354.00,30.2,,
,00:19:24,74,37.5,01:36,,1444,,13368.50,30.1,,
,00:19:25,73,40.0,01:30,,1444,,13384.20,30.3,,
,00:19:26,73,42.1,01:26,,1444,,13400.60,30.2,,
,00:19:27,72,43.6,01:23,,1444,,13415.60,30.1,,
,00:19:28,72,44.5,01:21,,1444,,13428.80,30.3,,
,00:19:29,72,44.7,01:20,,1444,,13443.30,30.3,,
,00:19:30,72,44.3,01:21,,1444,,13457.80,30.3,,
,00:19:31,72,43.5,01:23,,1444,,13470.70,30.3,,
,00:19:32,72,42.5,01:25,,1444,,13482.60,30.2,,
,00:19:33,72,41.6,01:26,,1445,,13492.60,30.3,,
,00:19:34,72,41.2,01:27,,1445,,13503.90,30.2,,
,00:19:35,73,41.4,01:27,,1445,,13514.30,30.2,,
,00:19:36,73,41.9,01:26,,1445,,13525.20,30.2,,
,00:19:37,74,43.0,01:24,,1445,,13538.40,30.3,,
,00:19:38,74,44.2,01:21,,1445,,13550.50,30.2,,
,00:19:39,75,45.3,01:20,,1445,,13562.60,30.2,,
,00:19:40,76,45.8,01:19,,1445,,13576.20,30.2,,
,00:19:41,76,46.2,01:18,,1445,,13590.10,30.3,,
,00:19:42,78,46.1,01:18,,1445,,13605.00,30.3,,
,00:19:43,79,45.7,01:19,,1446,,13617.90,30.3,,
,00:19:44,79,45.3,01:20,,1446,,13631.00,30.2,,
,00:19:45,80,44.9,01:20,,1446,,13643.00,30.2,,
,00:19:46,80,44.7,01:21,,1446,,13655.20,30.2,,
,00:19:47,80,44.9,01:20,,1446,,13667.40,30.2,,
,00:19:48,80,45.3,01:20,,1446,,13679.30,30.4,,
,00:19:49,80,45.9,01:18,,1446,,13692.00,30.2,,
,00:19:50,80,46.5,01:17,,1446,,13704.40,30.2,,
,00:19:51,80,46.9,01:17,,1446,,13716.80,30.3,,
,00:19:52,80,47.1,01:16,,1446,,13731.30,30.2,,
,00:19:53,80,47.3,01:16,,1446,,13744.10,30.1,,
,00:19:54,80,47.1,01:16,,1446,,13758.10,30.2,,
,00:19:55,80,46.8,01:17,,1446,,13772.00,30.4,,
,00:19:56,80,46.4,01:18,,1446,,13784.40,30.2,,
,00:19:57,80,46.0,01:18,,1446,,13797.80,30.2,,
,00:19:58,80,45.7,01:19,,1446,,13809.70,30.3,,
,00:19:59,80,45.4,01:19,,1446,,13821.40,30.3,,
,00:20:00,79,45.0,01:20,,1446,,13833.80,30.3,,
,00:20:01,79,44.8,01:20,,1446,,13845.50,30.3,,
,00:20:02,79,44.6,01:21,,1446,,13857.40,30.3,,
,00:20:03,77,42.7,01:24,,1446,,13869.00,30.2,,
,00:20:04,77,40.3,01:29,,1446,,13879.90,30.3,,
,00:20:05,77,37.9,01:35,,1446,,13887.00,30.2,,
,00:20:06,77,35.3,01:42,,1446,,13894.60,30.4,,
,00:20:07,77,32.4,01:51,,1446,,13902.30,30.2,,
,00:20:08,78,30.2,01:59,,1446,,13908.50,30.3,,
,00:20:09,78,28.0,02:09,,1446,,13914.80,30.3,,
,00:20:10,78,23.5,02:33,,1446,,13916.50,30.3,,
,00:20:11,77,20.8,02:53,,1446,,13918.80,30.3,,
,00:20:12,76,19.0,03:09,,1446,,13921.20,30.3,,
,00:20:13,75,18.9,03:10,,1446,,13923.40,30.3,,
,00:20:14,75,19.8,03:02,,1446,,13929.50,30.3,,
,00:20:15,75,20.4,02:56,,1446,,13933.90,30.3,,
,00:20:16,75,21.4,02:49,,1446,,13938.80,30.3,,
,00:20:17,75,22.4,02:41,,1446,,13944.50,30.3,,
,00:20:18,75,23.6,02:33,,1446,,13950.90,30.4,,
,00:20:19,75,24.5,02:27,,1446,,13959.30,30.3,,
,00:20:20,75,25.2,02:23,,1446,,13967.80,30.3,,
,00:20:21,75,25.8,02:20,,1446,,13975.80,30.3,,
,00:20:22,75,25.9,02:19,,1446,,13984.40,30.3,,
,00:20:23,75,25.4,02:22,,1446,,13992.90,30.3,,
,00:20:24,75,24.4,02:28,,1446,,14000.10,30.3,,
,00:20:25,75,21.0,02:51,,1446,,14006.20,30.3,,
,00:20:26,75,18.3,03:17,,1446,,14010.00,30.3,,
,00:20:27,75,16.9,03:33,,1446,,14013.30,30.3,,
,00:20:28,75,16.3,03:41,,1446,,14017.10,30.4,,
,00:20:29,75,16.5,03:39,,1446,,14021.00,30.3,,
,00:20:30,76,17.7,03:23,,1446,,14024.80,30.4,,
,00:20:31,76,18.1,03:19,,1446,,14028.60,30.3,,
,00:20:32,76,22.6,02:39,,1446,,14032.50,30.3,,
,00:20:33,77,23.2,02:35,,1446,,14039.00,30.3,,
,00:20:34,77,24.4,02:28,,1446,,14046.30,30.3,,
,00:20:35,77,26.9,02:14,,1446,,14054.60,30.3,,
,00:20:36,77,29.3,02:03,,1446,,14065.40,30.3,,
,00:20:37,77,30.9,01:57,,1446,,14078.10,30.4,,
,00:20:38,77,32.1,01:52,,1446,,14088.90,30.3,,
,00:20:39,78,33.1,01:49,,1446,,14099.40,30.4,,
,00:20:40,78,33.0,01:49,,1446,,14110.70,30.4,,
,00:20:41,79,32.9,01:49,,1447,,14121.90,30.4,,
,00:20:42,80,32.7,01:50,,1447,,14132.80,30.4,,
,00:20:43,80,31.8,01:53,,1447,,14142.80,30.4,,
,00:20:44,79,30.5,01:58,,1447,,14151.10,30.4,,
,00:20:45,79,29.5,02:02,,1447,,14157.40,30.3,,
,00:20:46,79,30.0,02:00,,1447,,14162.00,30.5,,
,00:20:47,78,30.8,01:57,,1447,,14170.40,30.3,,
,00:20:48,77,32.4,01:51,,1447,,14182.40,30.4,,
,00:20:49,77,34.5,01:44,,1447,,14192.10,30.3,,
,00:20:50,76,36.3,01:39,,1447,,14201.80,30.4,,
,00:20:51,76,36.7,01:38,,1447,,14212.50,30.4,,
,00:20:52,75,36.7,01:38,,1447,,14223.90,30.4,,
,00:20:53,74,36.7,01:38,,1447,,14235.40,30.5,,
,00:20:54,74,36.2,01:39,,1447,,14247.40,30.5,,
,00:20:55,73,35.3,01:42,,1447,,14259.30,30.4,,
,00:20:56,72,34.2,01:45,,1447,,14268.80,30.4,,
,00:20:57,72,33.4,01:48,,1447,,14275.40,30.4,,
,00:20:58,72,31.9,01:53,,1447,,14283.60,30.4,,
,00:20:59,72,30.0,02:00,,1447,,14291.10,30.4,,
,00:21:00,72,25.2,02:23,,1447,,14296.70,30.4,,
,00:21:01,72,21.0,02:52,,1447,,14300.20,30.4,,
,00:21:02,72,17.0,03:32,,1447,,14302.70,30.4,,
,00:21:03,72,13.4,04:29,,1447,,14305.40,30.5,,
,00:21:04,72,10.3,05:50,,1447,,14305.70,30.4,,
,00:21:05,71,9.6,06:14,,1447,,14305.70,30.4,,
,00:21:06,70,4.6,13:06,,1447,,14305.70,30.4,,
,00:21:07,70,2.4,24:41,,1447,,14305.70,30.4,,
,00:21:08,70,2.0,30:46,,1447,,14305.70,30.4,,
,00:21:09,70,1.5,39:13,,1447,,14305.70,30.5,,
,00:21:10,70,0.0,00:00,,1447,,14305.70,30.4,,
,00:21:11,70,1.0,57:42,,1447,,14305.70,30.4,,
,00:21:12,70,1.6,38:28,,1447,,14305.70,30.4,,
,00:21:13,71,2.0,30:18,,1447,,14305.70,30.5,,
,00:21:14,71,1.9,32:26,,1447,,14305.70,30.5,,
,00:21:15,70,2.0,30:00,,1447,,14305.70,30.4,,
,00:21:16,70,2.1,28:26,,1447,,14305.70,30.4,,
,00:21:17,70,2.4,25:32,,1447,,14305.70,30.6,,
,00:21:18,70,2.4,24:35,,1447,,14305.70,30.5,,
,00:21:19,70,0.0,00:00,,1447,,14305.70,30.5,,
,00:21:20,71,2.3,25:45,,1447,,14305.70,30.6,,
,00:21:21,72,5.5,11:01,,1447,,14305.70,30.5,,
,00:21:22,72,10.2,05:53,,1447,,14305.70,30.4,,
,00:21:23,73,15.5,03:52,,1447,,14305.80,30.6,,
,00:21:24,74,18.5,03:15,,1447,,14306.90,30.5,,
,00:21:25,74,20.7,02:54,,1447,,14312.60,30.5,,
,00:21:26,74,22.6,02:40,,1447,,14318.00,30.4,,
,00:21:27,75,24.2,02:29,,1447,,14329.00,30.6,,
,00:21:28,75,25.8,02:20,,1447,,14338.50,30.5,,
,00:21:29,75,27.3,02:12,,1447,,14348.50,30.4,,
,00:21:30,74,28.9,02:04,,1447,,14359.90,30.7,,
,00:21:31,73,30.6,01:58,,1447,,14372.80,30.4,,
,00:21:32,72,31.7,01:54,,1447,,14384.10,30.5,,
,00:21:33,72,32.0,01:52,,1447,,14394.70,30.5,,
,00:21:34,72,31.9,01:53,,1447,,14404.90,30.5,,
,00:21:35,72,31.8,01:53,,1448,,14416.70,30.6,,
,00:21:36,72,31.6,01:54,,1448,,14425.80,30.6,,
,00:21:37,72,31.2,01:55,,1448,,14436.40,30.6,,
,00:21:38,73,30.7,01:57,,1448,,14446.90,30.5,,
,00:21:39,74,29.8,02:01,,1448,,14455.80,30.6,,
,00:21:40,74,28.5,02:06,,1448,,14462.40,30.6,,
,00:21:41,74,27.1,02:13,,1448,,14468.20,30.6,,
,00:21:42,74,25.5,02:21,,1448,,14472.80,30.5,,
,00:21:43,74,24.0,02:30,,1449,,14477.30,30.6,,
,00:21:44,74,22.5,02:40,,1449,,14480.90,30.6,,
,00:21:45,75,21.7,02:46,,1449,,14484.30,30.6,,
,00:21:46,75,20.9,02:52,,1449,,14487.20,30.6,,
,00:21:47,75,13.0,04:38,,1449,,14489.50,30.6,,
,00:21:48,75,7.2,08:21,,1449,,14490.20,30.5,,
,00:21:49,75,0.0,00:00,,1449,,14490.20,30.7,,
,00:21:50,75,0.9,65:56,,1449,,14490.20,30.6,,
,00:21:51,75,1.1,55:03,,1449,,14490.20,30.7,,
,00:21:52,75,0.0,00:00,,1449,,14490.20,30.6,,
,00:21:53,75,0.9,65:56,,1449,,14490.20,30.7,,
,00:21:54,75,1.4,41:40,,1449,,14490.20,30.7,,
,00:21:55,75,2.4,25:13,,1449,,14490.20,30.6,,
,00:21:56,74,3.2,18:52,,1449,,14490.20,30.6,,
,00:21:57,74,3.5,17:00,,1449,,14490.20,30.7,,
,00:21:58,74,3.5,17:00,,1449,,14490.20,30.7,,
,00:21:59,73,2.8,21:21,,1449,,14490.20,30.5,,
,00:22:00,73,0.0,00:00,,1449,,14490.20,30.7,,
,00:22:01,73,0.0,00:00,,1449,,14490.20,30.6,,
,00:22:02,73,0.0,00:00,,1449,,14490.20,30.7,,
,00:22:03,73,0.0,00:00,,1449,,14490.20,30.6,,
,00:22:04,73,0.0,00:00,,1449,,14490.20,30.7,,
,00:22:05,74,0.0,00:00,,1449,,14490.20,30.6,,
,00:22:06,75,0.0,00:00,,1449,,14490.20,30.7,,
,00:22:07,75,0.0,00:00,,1449,,14490.20,30.7,,
,00:22:08,76,0.0,00:00,,1449,,14490.20,30.6,,
,00:22:09,76,0.0,00:00,,1450,,14490.20,30.7,,
,00:22:10,76,0.0,00:00,,1450,,14490.20,30.6,,
,00:22:11,76,0.0,00:00,,1450,,14490.20,30.7,,
,00:22:12,76,0.0,00:00,,1450,,14490.20,30.7,,
,00:22:13,76,0.0,00:00,,1450,,14490.20,30.7,,
,00:22:14,76,0.0,00:00,,1450,,14490.20,30.6,,
,00:22:15,76,0.0,00:00,,1451,,14490.20,30.7,,
,00:22:16,75,8.0,07:31,,1451,,14490.20,30.7,,
,00:22:17,74,12.6,04:46,,1451,,14490.20,30.6,,
,00:22:18,74,15.3,03:56,,1451,,14490.90,30.8,,
,00:22:19,74,16.7,03:35,,1452,,14491.50,30.7,,
,00:22:20,73,17.9,03:21,,1452,,14497.40,30.6,,
,00:22:21,73,19.7,03:03,,1452,,14504.80,30.6,,
,00:22:22,73,21.9,02:44,,1452,,14514.00,30.7,,
,00:22:23,73,23.7,02:32,,1453,,14524.80,30.7,,
,00:22:24,73,25.2,02:23,,1453,,14536.40,30.6,,
,00:22:25,74,26.2,02:17,,1453,,14548.40,30.6,,
,00:22:26,74,27.0,02:13,,1453,,14557.90,30.6,,
,00:22:27,74,27.5,02:11,,1454,,14567.90,30.7,,
,00:22:28,75,27.7,02:10,,1454,,14577.70,30.7,,
,00:22:29,76,27.8,02:10,,1454,,14586.70,30.6,,
,00:22:30,77,27.8,02:10,,1454,,14598.50,30.6,,
,00:22:31,77,27.8,02:10,,1455,,14607.90,30.6,,
,00:22:32,77,27.7,02:10,,1455,,14615.60,30.6,,
,00:22:33,77,27.5,02:11,,1455,,14625.20,30.7,,
,00:22:34,77,27.4,02:11,,1455,,14633.40,30.6,,
,00:22:35,77,27.3,02:12,,1455,,14633.60,30.6,,
,00:22:36,77,27.2,02:12,,1455,,14633.60,30.6,,
,00:22:37,77,27.2,02:12,,1455,,14633.60,30.7,,
,00:22:38,77,26.5,02:16,,1455,,14633.60,30.7,,
,00:22:39,76,25.1,02:23,,1455,,14643.20,30.6,,
,00:22:40,76,23.2,02:35,,1455,,14665.40,30.5,,
,00:22:41,76,21.3,02:49,,1454,,14673.70,30.6,,
,00:22:42,76,19.7,03:03,,1454,,14681.80,30.7,,
,00:22:43,76,18.9,03:11,,1454,,14687.10,30.6,,
,00:22:44,75,18.4,03:16,,1454,,14692.50,30.6,,
,00:22:45,75,17.9,03:21,,1453,,14698.60,30.6,,
,00:22:46,75,17.6,03:25,,1453,,14702.90,30.6,,
,00:22:47,74,17.3,03:28,,1453,,14707.80,30.7,,
,00:22:48,74,17.2,03:30,,1453,,14712.40,30.6,,
,00:22:49,74,17.1,03:30,,1453,,14712.40,30.7,,
,00:22:50,74,17.2,03:30,,1453,,14712.40,30.7,,
,00:22:51,74,17.2,03:29,,1453,,14719.20,30.6,,
,00:22:52,74,17.3,03:28,,1453,,14727.10,30.7,,
,00:22:53,73,17.3,03:28,,1453,,14734.60,30.7,,
,00:22:54,73,17.3,03:28,,1453,,14740.00,30.8,,
,00:22:55,73,17.2,03:29,,1453,,14744.90,30.6,,
,00:22:56,72,17.1,03:31,,1453,,14748.70,30.7,,
,00:22:57,72,16.8,03:34,,1453,,14751.80,30.6,,
,00:22:58,72,16.4,03:39,,1453,,14753.80,30.7,,
,00:22:59,72,15.9,03:46,,1453,,14755.30,30.7,,
,00:23:00,72,15.3,03:55,,1453,,14755.50,30.5,,
,00:23:01,72,0.0,00:00,,1453,,14755.50,30.7,,
,00:23:02,71,0.0,00:00,,1453,,14755.50,30.6,,
,00:23:03,71,0.0,00:00,,1453,,14755.50,30.6,,
,00:23:04,71,0.0,00:00,,1453,,14755.50,30.6,,
,00:23:05,71,0.0,00:00,,1453,,14755.50,30.6,,
,00:23:06,71,0.0,00:00,,1453,,14755.50,30.6,,
,00:23:07,70,0.0,00:00,,1453,,14755.50,30.6,,
,00:23:08,70,0.0,00:00,,1453,,14755.50,30.6,,
,00:23:09,69,0.0,00:00,,1453,,14755.50,30.7,,
,00:23:10,69,0.0,00:00,,1453,,14755.50,30.7,,
,00:23:11,69,0.3,230:46,,1453,,14755.50,30.6,,
,00:23:12,68,0.5,127:40,,1453,,14755.50,30.7,,
,00:23:13,68,0.0,00:00,,1453,,14755.50,30.6,,
,00:23:14,68,0.0,00:00,,1453,,14755.50,30.6,,
,00:23:15,68,0.0,00:00,,1453,,14755.50,30.6,,
,00:23:16,68,0.0,00:00,,1453,,14755.50,30.6,,
,00:23:17,68,0.0,00:00,,1453,,14755.50,30.7,,
,00:23:18,68,0.0,00:00,,1453,,14755.50,30.6,,
,00:23:19,68,0.0,00:00,,1453,,14755.50,30.6,,
,00:23:20,68,0.0,00:00,,1453,,14755.50,30.6,,
,00:23:21,67,0.0,00:00,,1453,,14755.50,30.6,,
,00:23:22,67,0.0,00:00,,1453,,14755.50,30.5,,
,00:23:23,67,0.0,00:00,,1453,,14755.50,30.7,,
,00:23:24,68,5.9,10:12,,1453,,14755.50,30.6,,
,00:23:25,68,8.6,06:57,,1453,,14755.50,30.6,,
,00:23:26,68,9.1,06:37,,1453,,14755.50,30.6,,
,00:23:27,68,8.7,06:52,,1453,,14755.50,30.7,,
,00:23:28,68,8.3,07:16,,1453,,14755.50,30.6,,
,00:23:29,69,7.9,07:36,,1453,,14755.50,30.5,,
,00:23:30,69,7.7,07:51,,1453,,14758.30,30.6,,
,00:23:31,69,7.6,07:54,,1454,,14762.10,30.5,,
,00:23:32,69,7.6,07:52,,1454,,14766.50,30.6,,
,00:23:33,69,7.7,07:49,,1454,,14770.70,30.5,,
,00:23:34,69,7.7,07:49,,1454,,14770.80,30.5,,
,00:23:35,69,7.7,07:49,,1454,,14770.80,30.5,,
,00:23:36,69,6.4,09:23,,1454,,14770.80,30.6,,
,00:23:37,69,4.5,13:25,,1454,,14774.00,30.6,,
,00:23:38,68,0.0,00:00,,1454,,14785.00,30.6,,
,00:23:39,68,0.0,00:00,,1454,,14785.10,30.6,,
,00:23:40,68,3.5,17:09,,1454,,14787.20,30.5,,
,00:23:41,67,5.9,10:07,,1454,,14794.60,30.6,,
,00:23:42,67,8.0,07:28,,1454,,14802.70,30.6,,
,00:23:43,67,6.3,09:35,,1454,,14808.70,30.6,,
,00:23:44,66,5.7,10:36,,1454,,14812.40,30.6,,
,00:23:45,66,5.1,11:40,,1453,,14813.80,30.6,,
,00:23:46,65,4.9,12:16,,1453,,14814.90,30.6,,
,00:23:47,65,4.6,13:08,,1453,,14814.90,30.7,,
,00:23:48,67,4.2,14:11,,1453,,14814.90,30.5,,
,00:23:49,67,3.9,15:28,,1452,,14814.90,30.5,,
,00:23:50,68,3.7,16:13,,1452,,14814.90,30.6,,
,00:23:51,69,3.8,15:50,,1452,,14814.90,30.6,,
,00:23:52,68,4.0,14:53,,1452,,14814.90,30.6,,
,00:23:53,68,4.3,13:51,,1452,,14814.90,30.6,,
,00:23:54,69,0.0,00:00,,1452,,14814.90,30.6,,
,00:23:55,69,0.0,00:00,,1452,,14814.90,30.6,,
,00:23:56,69,2.9,21:03,,1452,,14814.90,30.7,,
,00:23:57,70,3.0,19:56,,1451,,14814.90,30.5,,
,00:23:58,70,1.8,33:09,,1451,,14814.90,30.5,,
,00:23:59,70,0.0,00:00,,1451,,14814.90,30.7,,
,00:24:00,70,0.0,00:00,,1451,,14814.90,30.7,,
,00:24:01,70,0.0,00:00,,1451,,14814.90,30.6,,
,00:24:02,70,0.0,00:00,,1451,,14814.90,30.6,,
,00:24:03,71,1.4,42:15,,1451,,14814.90,30.7,,
,00:24:04,71,3.5,17:12,,1451,,14814.90,30.6,,
,00:24:05,73,7.1,08:24,,1451,,14814.90,30.6,,
,00:24:06,73,12.0,05:00,,1451,,14815.30,30.5,,
,00:24:07,73,16.1,03:43,,1451,,14820.00,30.6,,
,00:24:08,74,21.1,02:50,,1451,,14826.20,30.6,,
,00:24:09,74,26.0,02:18,,1451,,14836.20,30.6,,
,00:24:10,74,29.9,02:00,,1451,,14848.40,30.7,,
,00:24:11,75,33.1,01:49,,1451,,14863.30,30.8,,
,00:24:12,75,35.9,01:40,,1451,,14878.80,30.6,,
,00:24:13,75,38.3,01:34,,1452,,14895.10,30.6,,
,00:24:14,75,40.1,01:30,,1452,,14911.60,30.6,,
,00:24:15,75,41.3,01:27,,1452,,14927.60,30.7,,
,00:24:16,75,42.1,01:25,,1452,,14943.90,30.7,,
,00:24:17,75,43.0,01:24,,1452,,14959.30,30.6,,
,00:24:18,74,43.1,01:23,,1452,,14973.90,30.6,,
,00:24:19,74,43.4,01:23,,1452,,14986.60,30.6,,
,00:24:20,74,43.6,01:23,,1452,,14999.90,30.6,,
,00:24:21,74,43.7,01:22,,1452,,15012.50,30.6,,
,00:24:22,73,43.4,01:23,,1452,,15025.40,30.6,,
,00:24:23,73,42.7,01:24,,1452,,15038.00,30.7,,
,00:24:24,73,41.3,01:27,,1452,,15049.80,30.7,,
,00:24:25,73,39.3,01:32,,1452,,15058.60,30.6,,
,00:24:26,72,36.7,01:38,,1452,,15064.40,30.6,,
,00:24:27,72,33.9,01:46,,1452,,15070.00,30.6,,
,00:24:28,72,32.4,01:51,,1452,,15074.70,30.6,,
,00:24:29,72,28.3,02:07,,1451,,15076.00,30.6,,
,00:24:30,72,28.2,02:08,,1451,,15079.20,30.7,,
,00:24:31,72,27.9,02:09,,1450,,15081.40,30.6,,
,00:24:32,72,29.1,02:04,,1450,,15084.60,30.6,,
,00:24:33,73,31.1,01:56,,1450,,15091.30,30.6,,
,00:24:34,74,33.3,01:48,,1450,,15099.90,30.6,,
,00:24:35,74,35.2,01:42,,1450,,15110.60,30.6,,
,00:24:36,76,37.0,01:37,,1450,,15123.70,30.6,,
,00:24:37,78,38.5,01:34,,1450,,15139.00,30.7,,
,00:24:38,78,39.7,01:31,,1450,,15153.80,30.8,,
,00:24:39,78,40.9,01:28,,1450,,15167.90,30.6,,
,00:24:40,78,42.0,01:26,,1450,,15181.50,30.6,,
,00:24:41,78,43.1,01:24,,1450,,15195.20,30.6,,
,00:24:42,76,43.7,01:22,,1450,,15209.00,30.6,,
,00:24:43,76,43.9,01:22,,1449,,15220.80,30.6,,
,00:24:44,74,43.7,01:22,,1449,,15235.50,30.7,,
,00:24:45,74,43.4,01:23,,1449,,15246.70,30.6,,
,00:24:46,74,42.7,01:24,,1449,,15258.50,30.6,,
,00:24:47,73,42.0,01:26,,1448,,15268.60,30.6,,
,00:24:48,72,41.4,01:27,,1448,,15279.90,30.6,,
,00:24:49,72,40.8,01:28,,1447,,15291.20,30.7,,
,00:24:50,71,40.2,01:30,,1447,,15301.50,30.7,,
,00:24:51,70,39.7,01:31,,1447,,15309.70,30.7,,
,00:24:52,69,39.2,01:32,,1447,,15320.70,30.7,,
,00:24:53,68,38.7,01:33,,1447,,15329.80,30.6,,
,00:24:54,68,37.9,01:35,,1447,,15340.50,30.6,,
,00:24:55,68,36.9,01:38,,1446,,15348.70,30.5,,
,00:24:56,68,35.7,01:41,,1446,,15358.60,30.7,,
,00:24:57,68,34.5,01:44,,1446,,15367.10,30.6,,
,00:24:58,68,33.3,01:48,,1446,,15375.20,30.6,,
,00:24:59,68,32.2,01:52,,1445,,15382.90,30.6,,
,00:25:00,68,31.1,01:56,,1445,,15390.30,30.5,,
,00:25:01,68,29.7,02:01,,1445,,15397.90,30.5,,
,00:25:02,68,28.1,02:08,,1445,,15403.50,30.5,,
,00:25:03,68,24.1,02:29,,1444,,15408.90,30.6,,
,00:25:04,68,20.3,02:58,,1444,,15412.80,30.6,,
,00:25:05,68,16.6,03:36,,1444,,15416.10,30.6,,
,00:25:06,69,13.4,04:28,,1444,,15418.20,30.5,,
,00:25:07,69,11.0,05:28,,1444,,15419.20,30.6,,
,00:25:08,70,10.6,05:40,,1444,,15420.00,30.5,,
,00:25:09,71,9.6,06:14,,1444,,15420.50,30.6,,
,00:25:10,72,9.4,06:25,,1444,,15420.50,30.5,,
,00:25:11,73,9.9,06:03,,1444,,15420.70,30.6,,
,00:25:12,73,16.4,03:40,,1444,,15421.60,30.6,,
,00:25:13,74,20.8,02:53,,1444,,15425.90,30.6,,
,00:25:14,74,22.2,02:42,,1444,,15431.00,30.6,,
,00:25:15,74,22.4,02:41,,1444,,15436.80,30.5,,
,00:25:16,75,22.7,02:39,,1444,,15444.00,30.6,,
,00:25:17,75,22.9,02:38,,1444,,15451.30,30.6,,
,00:25:18,74,22.6,02:39,,1444,,15459.30,30.6,,
,00:25:19,74,22.3,02:41,,1444,,15467.30,30.5,,
,00:25:20,74,22.1,02:43,,1444,,15473.70,30.5,,
,00:25:21,73,21.9,02:45,,1444,,15480.80,30.5,,
,00:25:22,73,21.7,02:46,,1444,,15486.50,30.5,,
,00:25:23,72,21.9,02:44,,1443,,15492.40,30.5,,
,00:25:24,72,22.2,02:42,,1443,,15497.50,30.5,,
,00:25:25,72,22.2,02:42,,1443,,15502.10,30.4,,
,00:25:26,70,21.8,02:45,,1443,,15507.70,30.4,,
,00:25:27,70,20.1,02:59,,1443,,15511.90,30.5,,
,00:25:28,70,18.1,03:19,,1443,,15516.80,30.5,,
,00:25:29,69,16.2,03:42,,1443,,15522.10,30.4,,
,00:25:30,69,15.2,03:57,,1443,,15526.20,30.5,,
,00:25:31,70,14.7,04:05,,1443,,15530.30,30.5,,
,00:25:32,70,15.3,03:56,,1443,,15533.00,30.4,,
,00:25:33,71,15.9,03:47,,1443,,15536.90,30.5,,
,00:25:34,72,23.7,02:32,,1443,,15540.80,30.4,,
,00:25:35,73,29.0,02:04,,1443,,15547.20,30.4,,
,00:25:36,73,31.4,01:55,,1443,,15556.50,30.5,,
,00:25:37,74,30.7,01:57,,1443,,15565.40,30.4,,
,00:25:38,74,30.5,01:58,,1443,,15574.50,30.4,,
,00:25:39,74,29.6,02:02,,1443,,15584.80,30.5,,
,00:25:40,74,28.0,02:08,,1443,,15593.50,30.4,,
,00:25:41,74,23.8,02:31,,1443,,15601.70,30.4,,
,00:25:42,74,20.3,02:58,,1443,,15608.30,30.4,,
,00:25:43,74,17.4,03:27,,1442,,15613.40,30.5,,
,00:25:44,74,15.7,03:49,,1442,,15617.30,30.5,,
,00:25:45,74,15.3,03:55,,1442,,15619.10,30.5,,
,00:25:46,74,15.7,03:49,,1442,,15621.50,30.5,,
,00:25:47,75,19.4,03:05,,1442,,15624.70,30.5,,
,00:25:48,75,21.8,02:45,,1442,,15628.30,30.5,,
,00:25:49,75,23.4,02:34,,1442,,15633.10,30.6,,
,00:25:50,75,24.4,02:28,,1442,,15639.10,30.4,,
,00:25:51,75,24.2,02:29,,1442,,15646.50,30.4,,
,00:25:52,75,24.0,02:30,,1442,,15653.90,30.4,,
,00:25:53,75,23.7,02:32,,1442,,15660.90,30.4,,
,00:25:54,75,23.2,02:35,,1442,,15669.40,30.5,,
,00:25:55,74,22.3,02:41,,1442,,15676.60,30.4,,
,00:25:56,75,20.3,02:57,,1442,,15682.20,30.4,,
,00:25:57,76,19.0,03:10,,1442,,15687.50,30.3,,
,00:25:58,76,18.6,03:13,,1442,,15691.60,30.4,,
,00:25:59,76,19.5,03:05,,1442,,15695.90,30.4,,
,00:26:00,76,21.7,02:46,,1442,,15701.30,30.4,,
,00:26:01,76,22.6,02:39,,1441,,15708.70,30.4,,
,00:26:02,76,25.0,02:24,,1441,,15715.20,30.3,,
,00:26:03,75,27.4,02:12,,1441,,15723.70,30.3,,
,00:26:04,75,29.7,02:01,,1441,,15733.00,30.3,,
,00:26:05,75,32.2,01:52,,1441,,15745.40,30.3,,
,00:26:06,74,34.7,01:44,,1441,,15758.00,30.3,,
,00:26:07,74,37.3,01:36,,1441,,15771.50,30.3,,
,00:26:08,74,39.8,01:31,,1441,,15787.60,30.4,,
,00:26:09,74,41.7,01:26,,1441,,15801.90,30.4,,
,00:26:10,74,43.0,01:24,,1441,,15817.10,30.4,,
,00:26:11,74,43.4,01:23,,1441,,15832.20,30.4,,
,00:26:12,74,42.7,01:24,,1441,,15845.70,30.3,,
,00:26:13,75,41.3,01:27,,1441,,15857.30,30.3,,
,00:26:14,75,39.0,01:32,,1441,,15867.20,30.3,,
,00:26:15,75,35.8,01:41,,1441,,15876.40,30.3,,
,00:26:16,75,32.2,01:52,,1441,,15884.80,30.4,,
,00:26:17,75,24.9,02:25,,1441,,15887.80,30.3,,
,00:26:18,74,20.5,02:56,,1441,,15890.80,30.4,,
,00:26:19,74,18.4,03:16,,1441,,15890.80,30.3,,
,00:26:20,74,18.0,03:20,,1441,,15892.90,30.3,,
,00:26:21,73,18.6,03:13,,1441,,15895.20,30.4,,
,00:26:22,73,19.5,03:04,,1441,,15899.20,30.4,,
,00:26:23,72,20.4,02:57,,1438,,15903.00,30.3,,
,00:26:24,72,20.7,02:54,,1438,,15907.30,30.4,,
,00:26:25,72,20.9,02:52,,1438,,15912.60,30.3,,
,00:26:26,71,21.0,02:52,,1438,,15918.90,30.4,,
,00:26:27,71,21.1,02:50,,1438,,15924.90,30.3,,
,00:26:28,71,21.2,02:50,,1438,,15932.10,30.4,,
,00:26:29,72,21.0,02:52,,1438,,15939.30,30.4,,
,00:26:30,72,20.0,03:00,,1438,,15944.60,30.3,,
,00:26:31,72,18.4,03:16,,1437,,15949.60,30.4,,
,00:26:32,72,16.4,03:40,,1437,,15953.70,30.4,,
,00:26:33,72,14.4,04:10,,1437,,15956.90,30.4,,
,00:26:34,73,13.2,04:34,,1437,,15959.40,30.4,,
,00:26:35,73,13.0,04:37,,1437,,15961.90,30.4,,
,00:26:36,73,13.5,04:27,,1437,,15965.10,30.2,,
,00:26:37,73,19.0,03:09,,1437,,15968.70,30.3,,
,00:26:38,74,22.3,02:41,,1437,,15973.70,30.4,,
,00:26:39,74,23.4,02:34,,1437,,15979.50,30.3,,
,00:26:40,75,22.6,02:39,,1437,,15985.50,30.3,,
,00:26:41,76,21.7,02:46,,1437,,15991.30,30.4,,
,00:26:42,76,21.2,02:50,,1437,,15998.50,30.3,,
,00:26:43,77,16.9,03:33,,1437,,16004.00,30.3,,
,00:26:44,77,14.8,04:03,,1437,,16009.00,30.4,,
,00:26:45,77,12.1,04:58,,1437,,16014.60,30.3,,
,00:26:46,76,8.9,06:46,,1437,,16017.70,30.3,,
,00:26:47,76,5.5,10:50,,1437,,16018.60,30.4,,
,00:26:48,76,3.6,16:54,,1437,,16018.90,30.3,,
,00:26:49,77,2.4,25:06,,1438,,16018.90,30.4,,
,00:26:50,77,2.3,26:26,,1438,,16018.90,30.3,,
,00:26:51,78,2.0,30:00,,1438,,16018.90,30.3,,
,00:26:52,78,1.6,37:16,,1438,,16018.90,30.5,,
,00:26:53,77,1.6,38:28,,1438,,16018.90,30.4,,
,00:26:54,77,0.0,00:00,,1438,,16018.90,30.3,,
,00:26:55,76,1.6,38:43,,1438,,16018.90,30.3,,
,00:26:56,76,2.7,22:08,,1438,,16018.90,30.3,,
,00:26:57,75,4.2,14:11,,1438,,16018.90,30.3,,
,00:26:58,76,6.3,09:30,,1438,,16018.90,30.3,,
,00:26:59,76,8.0,07:28,,1438,,16019.00,30.3,,
,00:27:00,76,9.9,06:04,,1438,,16019.40,30.2,,
,00:27:01,77,12.1,04:58,,1438,,16019.70,30.3,,
,00:27:02,78,14.5,04:09,,1438,,16024.40,30.3,,
,00:27:03,79,16.8,03:34,,1438,,16030.80,30.3,,
,00:27:04,79,18.6,03:14,,1438,,16038.50,30.2,,
,00:27:05,79,19.6,03:04,,1439,,16046.40,30.3,,
,00:27:06,79,20.1,02:59,,1439,,16054.90,30.2,,
,00:27:07,79,20.2,02:58,,1439,,16063.10,30.3,,
,00:27:08,79,19.9,03:01,,1439,,16071.20,30.3,,
,00:27:09,79,19.1,03:09,,1440,,16078.40,30.3,,
,00:27:10,79,18.9,03:10,,1440,,16084.90,30.3,,
,00:27:11,79,18.6,03:13,,1440,,16090.30,30.3,,
,00:27:12,79,18.2,03:17,,1440,,16095.00,30.3,,
,00:27:13,79,17.8,03:22,,1441,,16099.40,30.3,,
,00:27:14,79,17.4,03:26,,1441,,16103.70,30.3,,
,00:27:15,80,17.0,03:32,,1441,,16106.60,30.3,,
,00:27:16,80,16.4,03:39,,1441,,16110.00,30.4,,
,00:27:17,79,15.6,03:51,,1442,,16113.00,30.4,,
,00:27:18,79,14.5,04:09,,1442,,16115.00,30.3,,
,00:27:19,78,13.2,04:33,,1442,,16116.40,30.3,,
,00:27:20,79,12.4,04:51,,1442,,16117.60,30.4,,
,00:27:21,80,9.9,06:05,,1443,,16118.90,30.4,,
,00:27:22,80,8.6,06:57,,1443,,16118.90,30.3,,
,00:27:23,79,8.1,07:25,,1443,,16118.90,30.3,,
,00:27:24,79,7.9,07:37,,1443,,16119.90,30.3,,
,00:27:25,79,8.0,07:32,,1444,,16120.60,30.3,,
,00:27:26,80,8.0,07:28,,1444,,16121.60,30.3,,
,00:27:27,80,8.1,07:24,,1444,,16123.60,30.3,,
,00:27:28,80,8.2,07:19,,1444,,16126.40,30.3,,
,00:27:29,80,8.3,07:14,,1445,,16128.80,30.3,,
,00:27:30,79,8.2,07:17,,1445,,16131.90,30.3,,
,00:27:31,79,8.0,07:31,,1445,,16134.60,30.3,,
,00:27:32,80,7.6,07:54,,1445,,16136.40,30.3,,
,00:27:33,80,4.0,15:09,,1445,,16137.60,30.3,,
,00:27:34,79,2.9,21:03,,1445,,16137.90,30.3,,
,00:27:35,79,3.0,20:12,,1446,,16138.00,30.3,,
,00:27:36,79,3.4,17:48,,1446,,16138.90,30.2,,
,00:27:37,79,4.1,14:38,,1446,,16139.40,30.3,,
,00:27:38,79,4.8,12:32,,1446,,16140.40,30.3,,
,00:27:39,78,5.7,10:37,,1446,,16141.10,30.3,,
,00:27:40,78,6.8,08:50,,1446,,16142.50,30.3,,
,00:27:41,78,7.2,08:20,,1446,,16144.80,30.3,,
,00:27:42,78,10.3,05:51,,1446,,16148.10,30.3,,
,00:27:43,78,10.5,05:44,,1446,,16152.10,30.3,,
,00:27:44,78,10.5,05:44,,1446,,16156.10,30.3,,
,00:27:45,78,10.3,05:50,,1446,,16159.60,30.3,,
,00:27:46,78,10.2,05:52,,1446,,16163.00,30.3,,
,00:27:47,78,10.2,05:52,,1446,,16166.20,30.3,,
,00:27:48,78,10.4,05:45,,1446,,16169.60,30.3,,
,00:27:49,78,10.9,05:29,,1446,,16173.30,30.3,,
,00:27:50,78,16.0,03:44,,1446,,16177.10,30.3,,
,00:27:51,78,19.4,03:06,,1446,,16182.40,30.3,,
,00:27:52,78,22.2,02:42,,1446,,16188.70,30.3,,
,00:27:53,78,24.2,02:29,,1446,,16195.50,30.3,,
,00:27:54,77,25.3,02:22,,1446,,16203.20,30.3,,
,00:27:55,77,25.6,02:21,,1446,,16211.20,30.2,,
,00:27:56,77,25.7,02:20,,1446,,16219.80,30.3,,
,00:27:57,77,25.9,02:19,,1446,,16228.20,30.3,,
,00:27:58,76,25.9,02:19,,1446,,16236.30,30.2,,
,00:27:59,76,25.8,02:19,,1446,,16245.70,30.3,,
,00:28:00,75,25.8,02:20,,1446,,16253.10,30.3,,
,00:28:01,75,25.6,02:21,,1446,,16260.60,30.3,,
